Academic Year,Undergrad Plan,Master's Plan,Number of Completions
2014,Computer Science (BS),Computer Science (MS),33
2014,Mechanical Engineer (BS),Mechanical Engineer (MS),28
2014,Electrical Engineering (BS),Electrical Engineering (MS),15
2014,Engineering (BS),Mechanical Engineer (MS),12
2014,Economics (BA),Mgmt Sci & Engineering (MS),11
2014,Engineering (BS),Civil & Envir Engr (MS),9
2014,Earth Systems (BS),Earth Systems (MS),8
2014,Chemical Engineering (BS),Chemical Engineering (MS),7
2014,Civil Engineering (BS),Civil & Envir Engr (MS),7
2014,Mathematics (BS),Computer Science (MS),7
2014,Mgmt Sci & Engineering (BS),Mgmt Sci & Engineering (MS),6
2014,Biology (BS),Biology (MS),5
2014,Electrical Engineering (BS),Computer Science (MS),5
2014,Math & Comp Science (BS),Computer Science (MS),5
2014,Symbolic Systems (BS),Computer Science (MS),5
2014,Human Biology (BA),Biology (MS),4
2014,Materials Science & Engr (BS),Materials Science & Engr (MS),4
2014,Biology (BSH),Biology (MS),3
2014,Earth Systems (BS),Civil & Envir Engr (MS),3
2014,Economics (BA),Public Policy (MA),3
2014,History (BAH),History (MA),3
2014,Human Biology (BA),Earth Systems (MS),3
2014,Human Biology (BA),Education (MA),3
2014,Mgmt Sci & Engineering (BS),Civil & Envir Engr (MS),3
2014,"Science, Tech, & Soc (BS)",Earth Systems (MS),3
2014,Computer Science (BS),Mgmt Sci & Engineering (MS),2
2014,Earth Systems (BS),Mgmt Sci & Engineering (MS),2
2014,Economics (BAH),Mgmt Sci & Engineering (MS),2
2014,Economics (BAH),Public Policy (MA),2
2014,English (BA),Education (MA),2
2014,English (BA),English (MA),2
2014,English (BA),Mgmt Sci & Engineering (MS),2
2014,Environmental Engineer (BS),Civil & Envir Engr (MS),2
2014,Human Biology (BA),Sociology (MA),2
2014,International Relat (BA),Communication (MA),2
2014,International Relat (BA),Latin American Studies (MA),2
2014,International Relat (BA),Sociology (MA),2
2014,Materials Science & Engr (BS),Mgmt Sci & Engineering (MS),2
2014,Math & Comp Science (BS),Mgmt Sci & Engineering (MS),2
2014,Math & Comp Science (BSH),Statistics (MS),2
2014,Mathematics (BS),Statistics (MS),2
2014,Mechanical Engineer (BS),Aeronautics & Astro (MS),2
2014,Mechanical Engineer (BS),Computer Science (MS),2
2014,Mgmt Sci & Engineering (BS),Psychology (MA),2
2014,Psychology (BA),Psychology (MA),2
2014,"Science, Tech, & Soc (BA)",Communication (MA),2
2014,Sociology (BA),Sociology (MA),2
2014,Symbolic Systems (BS),Mgmt Sci & Engineering (MS),2
2014,Anthropology (BA),Earth Systems (MS),1
2014,Anthropology (BAH),Communication (MA),1
2014,Biology (BS),Psychology (MA),1
2014,Biology (BSH),Biomedical Informatics (MS),1
2014,Biology (BSH),Earth Systems (MS),1
2014,Chemistry (BS),Electrical Engineering (MS),1
2014,Chemistry (BS),Materials Science & Engr (MS),1
2014,Civil Engineering (BSH),Civil & Envir Engr (MS),1
2014,Classics (BA),Mgmt Sci & Engineering (MS),1
2014,Communication (BA),Communication (MA),1
2014,Communication (BAH),Communication (MA),1
2014,Comp Stu Race & Eth (BA),Education (MA),1
2014,Comp Stu Race & Eth (BA),Sociology (MA),1
2014,Comp Stu Race & Eth (BAH),Education (MA),1
2014,Comp Stu Race & Eth (BAH),Mod Thought & Lit (MA),1
2014,Comparative Lit (BAH),Computer Science (MS),1
2014,Computer Science (BS),Education (MA),1
2014,Computer Science (BS),Financial Mathematics (MS),1
2014,Computer Science (BS),Symbolic Systems (MS),1
2014,Computer Science (BSH),Electrical Engineering (MS),1
2014,Earth Systems (BSH),Civil & Envir Engr (MS),1
2014,Economics (BA),Chinese (MA),1
2014,Economics (BA),Computer Science (MS),1
2014,Electrical Engineering (BS),Mgmt Sci & Engineering (MS),1
2014,Engineering (BS),Aeronautics & Astro (MS),1
2014,Engineering (BS),Biology (MS),1
2014,Engineering (BS),Computer Science (MS),1
2014,Engineering (BS),Electrical Engineering (MS),1
2014,Engineering (BSH),Biology (MS),1
2014,Engineering (BSH),Computer Science (MS),1
2014,English (BAH),English (MA),1
2014,Environmental Engineer (BS),Earth Systems (MS),1
2014,Environmental Engineer (BS),Geol & Environ Sci (MS),1
2014,French (BAH),Communication (MA),1
2014,History (BA),Education (MA),1
2014,History (BA),Sociology (MA),1
2014,History (BAH),Education (MA),1
2014,Human Biology (BA),Biomedical Informatics (MS),1
2014,Human Biology (BA),Communication (MA),1
2014,Human Biology (BA),Mgmt Sci & Engineering (MS),1
2014,Human Biology (BA),Psychology (MA),1
2014,Human Biology (BAH),Biology (MS),1
2014,Human Biology (BAH),Mgmt Sci & Engineering (MS),1
2014,Human Biology (BAH),Sociology (MA),1
2014,Human Biology (BAH),Symbolic Systems (MS),1
2014,Indiv Des Major-Engr (BS),Mechanical Engineer (MS),1
2014,International Relat (BA),African Studies (MA),1
2014,International Relat (BA),East Asian Studies (MA),1
2014,International Relat (BAH),African Studies (MA),1
2014,Japanese (BA),Mgmt Sci & Engineering (MS),1
2014,Math & Comp Science (BS),Financial Mathematics (MS),1
2014,Math & Comp Science (BS),Public Policy (MA),1
2014,Math & Comp Science (BSH),Financial Mathematics (MS),1
2014,Math & Comp Science (BSH),Mgmt Sci & Engineering (MS),1
2014,Mathematics (BS),Electrical Engineering (MS),1
2014,Mathematics (BS),Financial Mathematics (MS),1
2014,Mathematics (BSH),Comput & Math Engr (MS),1
2014,Mathematics (BSH),Computer Science (MS),1
2014,Mgmt Sci & Engineering (BS),Energy Resources Engineer (MS),1
2014,Mgmt Sci & Engineering (BS),Music (MA),1
2014,Mgmt Sci & Engineering (BS),Public Policy (MA),1
2014,Philosophy (BA),Computer Science (MS),1
2014,Philosophy (BA),Symbolic Systems (MS),1
2014,Physics (BS),Education (MA),1
2014,Physics (BS),Electrical Engineering (MS),1
2014,Physics (BS),Geophysics (MS),1
2014,Physics (BSH),Aeronautics & Astro (MS),1
2014,Physics (BSH),Computer Science (MS),1
2014,Political Science (BA),Communication (MA),1
2014,Political Science (BA),Latin American Studies (MA),1
2014,Political Science (BA),Public Policy (MA),1
2014,Psychology (BA),Computer Science (MS),1
2014,Psychology (BA),Education (MA),1
2014,Public Policy (BA),Mgmt Sci & Engineering (MS),1
2014,Public Policy (BA),Public Policy (MA),1
2014,"Science, Tech, & Soc (BS)",Communication (MA),1
2014,"Science, Tech, & Soc (BS)",Mgmt Sci & Engineering (MS),1
2014,Sociology (BAH),Education (MA),1
2014,Symbolic Systems (BS),Symbolic Systems (MS),1
2014,Urban Studies (BA),Psychology (MA),1
2014,Urban Studies (BAH),Anthropology (MA),1
2015,Computer Science (BS),Computer Science (MS),57
2015,Mechanical Engineer (BS),Mechanical Engineer (MS),27
2015,Electrical Engineering (BS),Electrical Engineering (MS),18
2015,Engineering (BS),Mechanical Engineer (MS),11
2015,Chemical Engineering (BS),Chemical Engineering (MS),9
2015,Earth Systems (BS),Earth Systems (MS),9
2015,Economics (BA),Mgmt Sci & Engineering (MS),9
2015,Computer Science (BS),Mgmt Sci & Engineering (MS),8
2015,Mgmt Sci & Engineering (BS),Mgmt Sci & Engineering (MS),7
2015,Engineering (BS),Mgmt Sci & Engineering (MS),6
2015,Mathematics (BS),Computer Science (MS),6
2015,Communication (BA),Communication (MA),4
2015,International Relat (BA),Public Policy (MA),4
2015,Physics (BS),Electrical Engineering (MS),4
2015,Biology (BS),Biology (MS),3
2015,Biology (BSH),Biology (MS),3
2015,Biology (BSH),Civil & Envir Engr (MS),3
2015,Economics (BA),Sociology (MA),3
2015,Electrical Engineering (BSH),Electrical Engineering (MS),3
2015,Energy Resources Engineer(BS),Energy Resources Engineer (MS),3
2015,Engineering (BS),Electrical Engineering (MS),3
2015,English (BA),English (MA),3
2015,Human Biology (BA),Earth Systems (MS),3
2015,International Relat (BA),Communication (MA),3
2015,Math & Comp Science (BS),Computer Science (MS),3
2015,Mathematics (BS),Statistics (MS),3
2015,Psychology (BA),Communication (MA),3
2015,Symbolic Systems (BS),Computer Science (MS),3
2015,Civil Engineering (BS),Civil & Envir Engr (MS),2
2015,Computer Science (BS),Civil & Envir Engr (MS),2
2015,Computer Science (BS),Electrical Engineering (MS),2
2015,Computer Science (BSH),Computer Science (MS),2
2015,Earth Systems (BS),Civil & Envir Engr (MS),2
2015,Economics (BA),Public Policy (MA),2
2015,Electrical Engineering (BS),Computer Science (MS),2
2015,Engineering (BS),Aeronautics & Astro (MS),2
2015,English (BA),Communication (MA),2
2015,English (BAH),English (MA),2
2015,History (BA),Computer Science (MS),2
2015,History (BAH),History (MA),2
2015,Human Biology (BA),Psychology (MA),2
2015,Materials Science & Engr (BS),Materials Science & Engr (MS),2
2015,Math & Comp Science (BS),Mgmt Sci & Engineering (MS),2
2015,Math & Comp Science (BS),Statistics (MS),2
2015,Mathematics (BS),Electrical Engineering (MS),2
2015,Music (BAH),Music (MA),2
2015,Physics (BSH),Computer Science (MS),2
2015,Political Science (BA),Communication (MA),2
2015,"Science, Tech, & Soc (BA)",Communication (MA),2
2015,"Science, Tech, & Soc (BS)",Mgmt Sci & Engineering (MS),2
2015,Symbolic Systems (BS),Music (MA),2
2015,Symbolic Systems (BS),Symbolic Systems (MS),2
2015,American Studies (BA),Communication (MA),1
2015,American Studies (BA),Sociology (MA),1
2015,Anthropology (BA),Anthropology (MA),1
2015,Anthropology (BA),Communication (MA),1
2015,Anthropology (BA),Latin American Studies (MA),1
2015,Anthropology (BAH),Computer Science (MS),1
2015,Archaeology (BAH),Anthropology (MA),1
2015,Art History (BA),East Asian Studies (MA),1
2015,Art Practice (BA),Computer Science (MS),1
2015,Biology (BS),Civil & Envir Engr (MS),1
2015,Biology (BSH),Earth Systems (MS),1
2015,Biology (BSH),Education (MA),1
2015,Biology (BSH),Mgmt Sci & Engineering (MS),1
2015,Biology (BSH),Music (MA),1
2015,Chemical Engineering (BS),Biology (MS),1
2015,Chemical Engineering (BS),Electrical Engineering (MS),1
2015,Chemical Engineering (BS),Energy Resources Engineer (MS),1
2015,Civil Engineering (BS),Mgmt Sci & Engineering (MS),1
2015,Civil Engineering (BSH),Mechanical Engineer (MS),1
2015,Comp Stu Race & Eth (BAH),Communication (MA),1
2015,Computer Science (BS),Biomedical Informatics (MS),1
2015,Drama (BAH),Communication (MA),1
2015,Earth Systems (BSH),Civil & Envir Engr (MS),1
2015,Earth Systems (BSH),Earth Systems (MS),1
2015,Economics (BA),Communication (MA),1
2015,Economics (BA),Computer Science (MS),1
2015,Economics (BA),Statistics (MS),1
2015,Economics (BAH),Computer Science (MS),1
2015,Economics (BAH),Public Policy (MA),1
2015,Electrical Engineering (BS),Mgmt Sci & Engineering (MS),1
2015,Engineering (BS),Bioengineering (MS),1
2015,Engineering (BS),Computer Science (MS),1
2015,Engineering (BS),Education (MA),1
2015,Engineering (BSH),Biology (MS),1
2015,English (BA),Education (MA),1
2015,English (BA),Sociology (MA),1
2015,Environmental Engineer (BS),Civil & Envir Engr (MS),1
2015,Geol & Environ Sci (BS),Mgmt Sci & Engineering (MS),1
2015,History (BA),History (MA),1
2015,History (BA),Sociology (MA),1
2015,History (BAH),Earth Systems (MS),1
2015,Human Biology (BA),Biology (MS),1
2015,Human Biology (BA),Biomedical Informatics (MS),1
2015,Human Biology (BA),Mechanical Engineer (MS),1
2015,Human Biology (BA),Mgmt Sci & Engineering (MS),1
2015,Human Biology (BA),Sociology (MA),1
2015,International Relat (BA),Latin American Studies (MA),1
2015,International Relat (BA),Mgmt Sci & Engineering (MS),1
2015,International Relat (BA),Psychology (MA),1
2015,International Relat (BAH),History (MA),1
2015,International Relat (BAH),Psychology (MA),1
2015,Linguistics (BA),Psychology (MA),1
2015,Linguistics (BAH),East Asian Studies (MA),1
2015,Math & Comp Science (BS),Biomedical Informatics (MS),1
2015,Math & Comp Science (BS),Civil & Envir Engr (MS),1
2015,Math & Comp Science (BSH),Aeronautics & Astro (MS),1
2015,Math & Comp Science (BSH),Mgmt Sci & Engineering (MS),1
2015,Mathematics (BS),Civil & Envir Engr (MS),1
2015,Mechanical Engineer (BS),Aeronautics & Astro (MS),1
2015,Mechanical Engineer (BS),Petroleum Engineer (MS),1
2015,Mechanical Engineer (BSH),Mechanical Engineer (MS),1
2015,Mgmt Sci & Engineering (BS),Computer Science (MS),1
2015,Music (BA),Communication (MA),1
2015,Philosophy & Rel Stud (BA),Philosophy (MA),1
2015,Philosophy (BA),Computer Science (MS),1
2015,Philosophy (BA),ILAC (MA),1
2015,Political Science (BA),Education (MA),1
2015,Political Science (BAH),Education (MA),1
2015,Political Science (BAH),Symbolic Systems (MS),1
2015,Psychology (BA),Psychology (MA),1
2015,Psychology (BAH),Psychology (MA),1
2015,Psychology (BAH),Sociology (MA),1
2015,Public Policy (BA),Public Policy (MA),1
2015,"Science, Tech, & Soc (BS)",Communication (MA),1
2015,Symbolic Systems (BS),Education (MA),1
2015,Symbolic Systems (BS),Psychology (MA),1
2015,Symbolic Systems (BSH),Computer Science (MS),1
2015,Symbolic Systems (BSH),Symbolic Systems (MS),1
2015,Urban Studies (BA),Earth Systems (MS),1
2016,Computer Science (BS),Computer Science (MS),64
2016,Mechanical Engineer (BS),Mechanical Engineer (MS),28
2016,Electrical Engineering (BS),Electrical Engineering (MS),20
2016,Engineering (BS),Mechanical Engineer (MS),19
2016,Chemical Engineering (BS),Chemical Engineering (MS),11
2016,Earth Systems (BS),Earth Systems (MS),9
2016,Economics (BA),Mgmt Sci & Engineering (MS),9
2016,Materials Science & Engr (BS),Materials Science & Engr (MS),8
2016,Civil Engineering (BS),Civil & Envir Engr (MS),7
2016,Mathematics (BS),Computer Science (MS),7
2016,Economics (BA),Public Policy (MA),5
2016,Engineering (BS),Computer Science (MS),5
2016,Mgmt Sci & Engineering (BS),Mgmt Sci & Engineering (MS),5
2016,Biology (BSH),Biology (MS),4
2016,Engineering (BS),Aeronautics & Astro (MS),4
2016,English (BA),English (MA),4
2016,Human Biology (BA),Earth Systems (MS),4
2016,Computer Science (BS),Electrical Engineering (MS),3
2016,Computer Science (BS),Mgmt Sci & Engineering (MS),3
2016,Electrical Engineering (BS),Computer Science (MS),3
2016,Engineering (BS),Civil & Envir Engr (MS),3
2016,Environmental Engineer (BS),Civil & Envir Engr (MS),3
2016,Human Biology (BAH),Biology (MS),3
2016,"Science, Tech, & Soc (BA)",Communication (MA),3
2016,Biology (BS),Biology (MS),2
2016,Biology (BSH),Biomedical Informatics (MS),2
2016,Computer Science (BS),Education (MA),2
2016,Earth Systems (BSH),Earth Systems (MS),2
2016,Economics (BA),Computer Science (MS),2
2016,Economics (BAH),Public Policy (MA),2
2016,Engineering (BS),Applied and Engr Physics (MS),2
2016,Engineering (BS),Earth Systems (MS),2
2016,Engineering (BS),Mgmt Sci & Engineering (MS),2
2016,English (BAH),English (MA),2
2016,History (BA),Education (MA),2
2016,Indiv Des Major-Engr (BS),Mgmt Sci & Engineering (MS),2
2016,International Relat (BA),Latin American Studies (MA),2
2016,Math & Comp Science (BS),Computer Science (MS),2
2016,Math & Comp Science (BS),Statistics (MS),2
2016,Mathematics (BS),Statistics (MS),2
2016,Mechanical Engineer (BS),Mgmt Sci & Engineering (MS),2
2016,Physics (BS),Computer Science (MS),2
2016,Public Policy (BA),Education (MA),2
2016,Symbolic Systems (BS),Computer Science (MS),2
2016,Symbolic Systems (BS),Philosophy (MA),2
2016,Afric/Afro-Amer Stu (BAH),African Studies (MA),1
2016,Anthropology (BAH),Anthropology (MA),1
2016,Archaeology (BAH),Biology (MS),1
2016,Bioengineering (BSH),Mgmt Sci & Engineering (MS),1
2016,Biology (BS),Biomedical Informatics (MS),1
2016,Biology (BS),Computer Science (MS),1
2016,Biology (BSH),Computer Science (MS),1
2016,Biology (BSH),Statistics (MS),1
2016,Chemical Engineering (BSH),Chemical Engineering (MS),1
2016,Chemistry (BS),Biology (MS),1
2016,Chemistry (BS),Computer Science (MS),1
2016,Civil Engineering (BS),Energy Resources Engineer (MS),1
2016,Classics (BA),Classics (MA),1
2016,Classics (BA),Computer Science (MS),1
2016,Comp Stu Race & Eth (BAH),Mod Thought & Lit (MA),1
2016,Comparative Lit (BAH),Religious Studies (MA),1
2016,Computer Science (BS),Biomedical Informatics (MS),1
2016,Computer Science (BS),Comput & Math Engr (MS),1
2016,Computer Science (BSH),Biomedical Informatics (MS),1
2016,Computer Science (BSH),Computer Science (MS),1
2016,Earth Systems (BS),Civil & Envir Engr (MS),1
2016,Earth Systems (BSH),Mgmt Sci & Engineering (MS),1
2016,Economics (BA),Statistics (MS),1
2016,Electrical Engineering (BS),Aeronautics & Astro (MS),1
2016,Electrical Engineering (BS),Civil & Envir Engr (MS),1
2016,Electrical Engineering (BS),Music (MA),1
2016,Electrical Engineering (BSH),Electrical Engineering (MS),1
2016,Engineering (BS),East Asian Studies (MA),1
2016,Engineering (BS),Electrical Engineering (MS),1
2016,Engineering (BSH),Biology (MS),1
2016,English (BA),Education (MA),1
2016,English (BA),Mechanical Engineer (MS),1
2016,English (BA),Rus & E Eurp & Eurasian (MA),1
2016,English (BA),Russian & East Europe St (MA),1
2016,English (BAH),Education (MA),1
2016,Envir Systems Engr (BS),Civil & Envir Engr (MS),1
2016,French (BA),French (MA),1
2016,Geol & Environ Sci (BS),Geophysics (MS),1
2016,History (BA),Computer Science (MS),1
2016,History (BA),History (MA),1
2016,History (BAH),History (MA),1
2016,Human Biology (BA),Biology (MS),1
2016,Human Biology (BA),Communication (MA),1
2016,Human Biology (BA),Community Health/Prev Res (MS),1
2016,Human Biology (BA),Education (MA),1
2016,Human Biology (BAH),Biomedical Informatics (MS),1
2016,Human Biology (BAH),East Asian Studies (MA),1
2016,Human Biology (BAH),Psychology (MA),1
2016,Human Biology (BAH),Statistics (MS),1
2016,Indiv Des Major-Engr (BS),Civil & Envir Engr (MS),1
2016,Indiv Des Major-Engr (BS),Mechanical Engineer (MS),1
2016,International Relat (BA),African Studies (MA),1
2016,International Relat (BA),Computer Science (MS),1
2016,International Relat (BAH),History (MA),1
2016,Materials Science & Engr (BS),Computer Science (MS),1
2016,Materials Science & Engr (BS),Mechanical Engineer (MS),1
2016,Materials Science & Engr (BS),Statistics (MS),1
2016,Math & Comp Science (BS),Biomedical Informatics (MS),1
2016,Math & Comp Science (BS),Mgmt Sci & Engineering (MS),1
2016,Mathematics (BSH),Computer Science (MS),1
2016,Mechanical Engineer (BS),Petroleum Engineer (MS),1
2016,Mechanical Engineer (BSH),Mechanical Engineer (MS),1
2016,Mgmt Sci & Engineering (BS),Biomedical Informatics (MS),1
2016,Mgmt Sci & Engineering (BS),Civil & Envir Engr (MS),1
2016,Mgmt Sci & Engineering (BS),Communication (MA),1
2016,Music (BA),Mgmt Sci & Engineering (MS),1
2016,Music (BAH),Music (MA),1
2016,Native Amer Studies (BA),Education (MA),1
2016,Philosophy (BA),Philosophy (MA),1
2016,Philosophy (BAH),Mgmt Sci & Engineering (MS),1
2016,Physics (BS),Aeronautics & Astro (MS),1
2016,Physics (BS),Applied and Engr Physics (MS),1
2016,Physics (BS),Electrical Engineering (MS),1
2016,Physics (BS),Geophysics (MS),1
2016,Political Science (BA),Communication (MA),1
2016,Political Science (BA),Education (MA),1
2016,Political Science (BA),Public Policy (MA),1
2016,Political Science (BA),Sociology (MA),1
2016,Psychology (BA),Biology (MS),1
2016,Psychology (BA),Communication (MA),1
2016,Psychology (BA),Computer Science (MS),1
2016,Psychology (BA),Education (MA),1
2016,Psychology (BA),Public Policy (MA),1
2016,Public Policy (BA),Sociology (MA),1
2016,"Science, Tech, & Soc (BS)",Communication (MA),1
2016,"Science, Tech, & Soc (BS)",Computer Science (MS),1
2016,"Science, Tech, & Soc (BS)",Mgmt Sci & Engineering (MS),1
2016,Slavic Lang & Lit (BA),Rus & E Eurp & Eurasian (MA),1
2016,Slavic Lang & Lit (BA),Russian & East Europe St (MA),1
2016,Sociology (BA),Education (MA),1
2016,Symbolic Systems (BS),Communication (MA),1
2016,Symbolic Systems (BS),Electrical Engineering (MS),1
2016,Urban Studies (BAH),Communication (MA),1
2017,Computer Science (BS),Computer Science (MS),67
2017,Mechanical Engineer (BS),Mechanical Engineer (MS),34
2017,Electrical Engineering (BS),Electrical Engineering (MS),27
2017,Civil Engineering (BS),Civil & Envir Engr (MS),15
2017,Engineering (BS),Mechanical Engineer (MS),15
2017,Earth Systems (BS),Earth Systems (MS),9
2017,Mathematics (BS),Computer Science (MS),9
2017,Symbolic Systems (BS),Computer Science (MS),9
2017,Chemical Engineering (BS),Chemical Engineering (MS),7
2017,Earth Systems (BSH),Earth Systems (MS),6
2017,Mgmt Sci & Engineering (BS),Mgmt Sci & Engineering (MS),6
2017,Computer Science (BS),Biomedical Informatics (MS),5
2017,Human Biology (BA),Community Health/Prev Res (MS),5
2017,Economics (BA),Mgmt Sci & Engineering (MS),4
2017,Engineering (BS),Computer Science (MS),4
2017,Materials Science & Engr (BS),Materials Science & Engr (MS),4
2017,Math & Comp Science (BS),Computer Science (MS),4
2017,Math & Comp Science (BS),Statistics (MS),4
2017,Mgmt Sci & Engineering (BS),Computer Science (MS),4
2017,"Science, Tech, & Soc (BA)",Communication (MA),4
2017,Communication (BA),Communication (MA),3
2017,Computer Science (BSH),Computer Science (MS),3
2017,International Relat (BA),Communication (MA),3
2017,Physics (BSH),Computer Science (MS),3
2017,"Science, Tech, & Soc (BS)",Communication (MA),3
2017,American Studies (BA),Communication (MA),2
2017,Biology (BS),Biology (MS),2
2017,Biology (BSH),Biology (MS),2
2017,Chemical Engineering (BS),Computer Science (MS),2
2017,Classics (BA),Classics (MA),2
2017,Computer Science (BS),Electrical Engineering (MS),2
2017,Computer Science (BS),Statistics (MS),2
2017,Earth Systems (BS),Civil & Envir Engr (MS),2
2017,Economics (BA),Public Policy (MA),2
2017,Economics (BA),Statistics (MS),2
2017,Electrical Engineering (BS),Comput & Math Engr (MS),2
2017,Electrical Engineering (BS),Computer Science (MS),2
2017,Engineering (BS),Biology (MS),2
2017,Engineering (BS),Civil & Envir Engr (MS),2
2017,English (BA),English (MA),2
2017,Human Biology (BA),Earth Systems (MA),2
2017,Human Biology (BA),Sociology (MA),2
2017,Math & Comp Science (BS),Biomedical Informatics (MS),2
2017,Math & Comp Science (BS),Mgmt Sci & Engineering (MS),2
2017,Math & Comp Science (BSH),Statistics (MS),2
2017,Mathematics (BSH),Computer Science (MS),2
2017,Mechanical Engineer (BS),Mgmt Sci & Engineering (MS),2
2017,Physics (BS),Applied and Engr Physics (MS),2
2017,Physics (BS),Electrical Engineering (MS),2
2017,Political Science (BA),Communication (MA),2
2017,Psychology (BA),Psychology (MA),2
2017,Psychology (BAH),Psychology (MA),2
2017,"Science, Tech, & Soc (BS)",Mgmt Sci & Engineering (MS),2
2017,Afric/Afro-Amer Stu (BAH),Communication (MA),1
2017,Art History (BA),Art History (MA),1
2017,Art Practice (BA),Computer Science (MS),1
2017,Bioengineering (BS),Bioengineering (MS),1
2017,Bioengineering (BS),Biomedical Informatics (MS),1
2017,Bioengineering (BS),Civil & Envir Engr (MS),1
2017,Bioengineering (BS),Computer Science (MS),1
2017,Bioengineering (BS),Mechanical Engineer (MS),1
2017,Bioengineering (BSH),Biomedical Informatics (MS),1
2017,Biology (BS),Biomedical Informatics (MS),1
2017,Biology (BS),Computer Science (MS),1
2017,Biology (BS),Education (MA),1
2017,Biology (BSH),Applied and Engr Physics (MS),1
2017,Biology (BSH),Biomedical Informatics (MS),1
2017,Biology (BSH),Computer Science (MS),1
2017,Biology (BSH),Earth Systems (MS),1
2017,Chemical Engineering (BS),Communication (MA),1
2017,Chemical Engineering (BS),Materials Science & Engr (MS),1
2017,Chemical Engineering (BSH),Electrical Engineering (MS),1
2017,Chemistry (BS),Computer Science (MS),1
2017,Chemistry (BS),Education (MA),1
2017,Chemistry (BS),Materials Science & Engr (MS),1
2017,Classics (BA),Computer Science (MS),1
2017,Comp Stu Race & Eth (BA),Communication (MA),1
2017,Comp Stu Race & Eth (BAH),Communication (MA),1
2017,Comparative Lit (BA),Education (MA),1
2017,Comparative Lit (BAH),African Studies (MA),1
2017,Computer Science (BS),Aeronautics & Astro (MS),1
2017,Computer Science (BS),Civil & Envir Engr (MS),1
2017,Computer Science (BS),Communication (MA),1
2017,Computer Science (BS),Earth Systems (MS),1
2017,Computer Science (BS),Education (MA),1
2017,Computer Science (BS),Mgmt Sci & Engineering (MS),1
2017,Computer Science (BS),Psychology (MA),1
2017,Computer Science (BS),Public Policy (MA),1
2017,Earth Systems (BS),Earth Systems (MA),1
2017,Earth Systems (BS),Mgmt Sci & Engineering (MS),1
2017,East Asian Studies (BA),Public Policy (MA),1
2017,East Asian Studies (BAH),East Asian Studies (MA),1
2017,Economics (BA),Computer Science (MS),1
2017,Economics (BA),Earth Systems (MS),1
2017,Economics (BA),Education (MA),1
2017,Economics (BAH),Civil & Envir Engr (MS),1
2017,Economics (BAH),Mgmt Sci & Engineering (MS),1
2017,Economics (BAH),Symbolic Systems (MS),1
2017,Electrical Engineering (BS),Mgmt Sci & Engineering (MS),1
2017,Energy Resources Engineer(BS),Earth Systems (MS),1
2017,Energy Resources Engineer(BS),Energy Resources Engineer (MS),1
2017,Engineering (BS),Aeronautics & Astro (MS),1
2017,Engineering (BS),Anthropology (MA),1
2017,Engineering (BS),Community Health/Prev Res (MS),1
2017,Engineering (BS),Materials Science & Engr (MS),1
2017,Engineering (BS),Mgmt Sci & Engineering (MS),1
2017,Engineering (BSH),Biology (MS),1
2017,Engineering (BSH),Biomedical Informatics (MS),1
2017,Envir Systems Engr (BS),Civil & Envir Engr (MS),1
2017,Geol & Environ Sci (BS),Civil & Envir Engr (MS),1
2017,Geol & Environ Sci (BS),Earth Systems (MA),1
2017,Geol & Environ Sci (BSH),Geol & Environ Sci (MS),1
2017,Geophysics (BS),Energy Resources Engineer (MS),1
2017,History (BA),Education (MA),1
2017,History (BA),History (MA),1
2017,History (BAH),History (MA),1
2017,Human Biology (BA),Biology (MS),1
2017,Human Biology (BA),Communication (MA),1
2017,Human Biology (BA),Computer Science (MS),1
2017,Human Biology (BA),Earth Systems (MS),1
2017,Human Biology (BA),Epidemiology & Clin Rsrch (MS),1
2017,Human Biology (BA),Epidemiology (MS),1
2017,Human Biology (BAH),Earth Systems (MS),1
2017,Human Biology (BS),Epidemiology & Clin Rsrch (MS),1
2017,Human Biology (BS),Epidemiology (MS),1
2017,Human Biology (BS),Psychology (MA),1
2017,Indiv Des Major-Engr (BS),Civil & Envir Engr (MS),1
2017,Indiv Des Major-Engr (BS),Earth Systems (MS),1
2017,International Relat (BA),East Asian Studies (MA),1
2017,International Relat (BA),Mgmt Sci & Engineering (MS),1
2017,International Relat (BA),Public Policy (MA),1
2017,International Relat (BA),Rus & E Eurp & Eurasian (MA),1
2017,International Relat (BA),Russian & East Europe St (MA),1
2017,International Relat (BA),Statistics (MS),1
2017,International Relat (BAH),Communication (MA),1
2017,International Relat (BAH),Public Policy (MA),1
2017,Materials Science & Engr (BS),Applied and Engr Physics (MS),1
2017,Materials Science & Engr (BS),Chemical Engineering (MS),1
2017,Math & Comp Science (BS),Comput & Math Engr (MS),1
2017,Mathematics (BSH),Statistics (MS),1
2017,Mechanical Engineer (BS),Aeronautics & Astro (MS),1
2017,Mechanical Engineer (BS),Education (MA),1
2017,Mechanical Engineer (BS),Electrical Engineering (MS),1
2017,Music (BA),Music (MA),1
2017,Philosophy & Rel Stud (BA),Religious Studies (MA),1
2017,Philosophy (BA),Computer Science (MS),1
2017,Philosophy (BA),Philosophy (MA),1
2017,Physics (BS),Computer Science (MS),1
2017,Physics (BSH),Electrical Engineering (MS),1
2017,Political Science (BA),Education (MA),1
2017,Political Science (BA),Latin American Studies (MA),1
2017,Political Science (BA),Public Policy (MA),1
2017,Psychology (BA),Community Health/Prev Res (MS),1
2017,Public Policy (BA),Communication (MA),1
2017,"Science, Tech, & Soc (BA)",Community Health/Prev Res (MS),1
2017,"Science, Tech, & Soc (BS)",Anthropology (MA),1
2017,"Science, Tech, & Soc (BS)",Civil & Envir Engr (MS),1
2017,"Science, Tech, & Soc (BS)",Mechanical Engineer (MS),1
2017,Sociology (BA),Community Health/Prev Res (MS),1
2017,Sociology (BA),Education (MA),1
2017,Symbolic Systems (BS),Communication (MA),1
2017,Symbolic Systems (BS),Laboratory Animal Science (MS),1
2017,Symbolic Systems (BS),Mgmt Sci & Engineering (MS),1
2017,Symbolic Systems (BS),Music (MA),1
2017,Symbolic Systems (BS),Statistics (MS),1
2017,Symbolic Systems (BS),Symbolic Systems (MS),1
2017,Symbolic Systems (BSH),Biomedical Informatics (MS),1
2017,Theater & Perf. Studies (BA),Art History (MA),1
2018,Computer Science (BS),Computer Science (MS),96
2018,Electrical Engineering (BS),Electrical Engineering (MS),25
2018,Mechanical Engineer (BS),Mechanical Engineer (MS),19
2018,Mathematics (BS),Computer Science (MS),15
2018,Engineering (BS),Mechanical Engineer (MS),9
2018,Computer Science (BS),Mgmt Sci & Engineering (MS),8
2018,Computer Science (BSH),Computer Science (MS),8
2018,Earth Systems (BS),Earth Systems (MS),8
2018,Mgmt Sci & Engineering (BS),Mgmt Sci & Engineering (MS),7
2018,Economics (BA),Computer Science (MS),5
2018,Engineering (BS),Civil & Envir Engr (MS),5
2018,Human Biology (BA),Community Health/Prev Res (MS),5
2018,Economics (BA),Mgmt Sci & Engineering (MS),4
2018,Electrical Engineering (BS),Computer Science (MS),4
2018,Engineering (BS),Aeronautics & Astro (MS),4
2018,Materials Science & Engr (BS),Materials Science & Engr (MS),4
2018,Math & Comp Science (BS),Statistics (MS),4
2018,Physics (BS),Computer Science (MS),4
2018,Art History (BA),Art History (MA),3
2018,Biology (BS),Biology (MS),3
2018,Chemical Engineering (BS),Chemical Engineering (MS),3
2018,Chemical Engineering (BS),Computer Science (MS),3
2018,Civil Engineering (BS),Civil & Envir Engr (MS),3
2018,Computer Science (BS),Biomedical Informatics (MS),3
2018,Economics (BA),Public Policy (MA),3
2018,Engineering (BS),Biomedical Informatics (MS),3
2018,Math & Comp Science (BS),Computer Science (MS),3
2018,Psychology (BA),Communication (MA),3
2018,Public Policy (BA),Public Policy (MA),3
2018,American Studies (BA),Communication (MA),2
2018,American Studies (BA),Education (MA),2
2018,Bioengineering (BS),Mgmt Sci & Engineering (MS),2
2018,Biology (BSH),Biology (MS),2
2018,Biology (BSH),Biomedical Informatics (MS),2
2018,Biology (BSH),Earth Systems (MS),2
2018,Computer Science (BS),Education (MA),2
2018,Computer Science (BS),Philosophy (MA),2
2018,Computer Science (BS),Statistics (MS),2
2018,Earth Systems (BS),Earth Systems (MA),2
2018,Electrical Engineering (BS),Mgmt Sci & Engineering (MS),2
2018,Energy Resources Engineer(BS),Energy Resources Engineer (MS),2
2018,Engineering (BS),Earth Systems (MS),2
2018,Engineering (BS),Mgmt Sci & Engineering (MS),2
2018,Envir Systems Engr (BS),Civil & Envir Engr (MS),2
2018,Human Biology (BA),Earth Systems (MS),2
2018,Human Biology (BA),Mgmt Sci & Engineering (MS),2
2018,Human Biology (BS),Biology (MS),2
2018,Human Biology (BS),Epidemiology & Clin Rsrch (MS),2
2018,Human Biology (BS),Epidemiology (MS),2
2018,Human Biology (BSH),Community Health/Prev Res (MS),2
2018,Materials Science & Engr (BS),Mgmt Sci & Engineering (MS),2
2018,Math & Comp Science (BS),Comput & Math Engr (MS),2
2018,Math & Comp Science (BSH),Statistics (MS),2
2018,Physics (BS),Applied and Engr Physics (MS),2
2018,"Science, Tech, & Soc (BA)",Communication (MA),2
2018,"Science, Tech, & Soc (BS)",Communication (MA),2
2018,Symbolic Systems (BS),Computer Science (MS),2
2018,Symbolic Systems (BS),Mgmt Sci & Engineering (MS),2
2018,Art Practice (BAH),Art History (MA),1
2018,Bioengineering (BS),Computer Science (MS),1
2018,Bioengineering (BS),Electrical Engineering (MS),1
2018,Bioengineering (BS),Mechanical Engineer (MS),1
2018,Bioengineering (BSH),Chemical Engineering (MS),1
2018,Biology (BSH),Community Health/Prev Res (MS),1
2018,Biology (BSH),Earth Systems (MA),1
2018,Biology (BSH),Epidemiology & Clin Rsrch (MS),1
2018,Biology (BSH),Epidemiology (MS),1
2018,Chemical Engineering (BS),Mechanical Engineer (MS),1
2018,Chemical Engineering (BS),Mgmt Sci & Engineering (MS),1
2018,Chemical Engineering (BSH),Electrical Engineering (MS),1
2018,Chemistry (BS),Civil & Envir Engr (MS),1
2018,Classics (BA),Art History (MA),1
2018,Classics (BA),Civil & Envir Engr (MS),1
2018,Communication (BA),Communication (MA),1
2018,Comparative Lit (BA),Computer Science (MS),1
2018,Comparative Lit (BAH),Computer Science (MS),1
2018,Computer Science (BS),Communication (MA),1
2018,Computer Science (BS),Earth Systems (MS),1
2018,Computer Science (BS),Electrical Engineering (MS),1
2018,Computer Science (BS),Symbolic Systems (MS),1
2018,Computer Science (BSH),Biomedical Informatics (MS),1
2018,Earth Systems (BS),Civil & Envir Engr (MS),1
2018,Earth Systems (BS),Communication (MA),1
2018,Earth Systems (BS),Laboratory Animal Science (MS),1
2018,Earth Systems (BSH),Earth Systems (MA),1
2018,Earth Systems (BSH),Earth Systems (MS),1
2018,Economics (BA),Community Health/Prev Res (MS),1
2018,Economics (BA),Statistics (MS),1
2018,Economics (BAH),Public Policy (MA),1
2018,Electrical Engineering (BSH),Electrical Engineering (MS),1
2018,Engineering (BS),Applied and Engr Physics (MS),1
2018,Engineering (BS),Biology (MS),1
2018,Engineering (BS),Computer Science (MS),1
2018,Engineering (BS),Energy Resources Engineer (MS),1
2018,English (BA),English (MA),1
2018,English (BA),Mgmt Sci & Engineering (MS),1
2018,Envir Systems Engr (BS),Mgmt Sci & Engineering (MS),1
2018,Envir Systems Engr (BSH),Civil & Envir Engr (MS),1
2018,Geol & Environ Sci (BSH),Geological Sciences (MS),1
2018,Geophysics (BS),Electrical Engineering (MS),1
2018,German Studies (BA),Mgmt Sci & Engineering (MS),1
2018,History (BA),Communication (MA),1
2018,History (BA),Earth Systems (MA),1
2018,History (BAH),Mod Thought & Lit (MA),1
2018,Human Biology (BA),Communication (MA),1
2018,Human Biology (BA),Computer Science (MS),1
2018,Human Biology (BA),Epidemiology & Clin Rsrch (MS),1
2018,Human Biology (BA),Epidemiology (MS),1
2018,Human Biology (BAH),Community Health/Prev Res (MS),1
2018,Human Biology (BAH),Earth Systems (MS),1
2018,Human Biology (BS),Civil & Envir Engr (MS),1
2018,Human Biology (BS),Community Health/Prev Res (MS),1
2018,Human Biology (BS),Earth Systems (MS),1
2018,Human Biology (BSH),Computer Science (MS),1
2018,Human Biology (BSH),Earth Systems (MS),1
2018,Indiv Des Major-Engr (BS),Chemical Engineering (MS),1
2018,Indiv Des Major-Engr (BS),Sustainability Sci & Prac (MS),1
2018,International Relat (BA),Communication (MA),1
2018,International Relat (BA),Mod Thought & Lit (MA),1
2018,Linguistics (BA),Public Policy (MA),1
2018,Math & Comp Science (BS),Bioengineering (MS),1
2018,Math & Comp Science (BS),Communication (MA),1
2018,Math & Comp Science (BS),Symbolic Systems (MS),1
2018,Math & Comp Science (BSH),Computer Science (MS),1
2018,Math & Comp Science (BSH),Materials Science & Engr (MS),1
2018,Math & Comp Science (BSH),Mgmt Sci & Engineering (MS),1
2018,Mathematics (BS),Comput & Math Engr (MS),1
2018,Mathematics (BS),Electrical Engineering (MS),1
2018,Mathematics (BS),Statistics (MS),1
2018,Mathematics (BSH),Computer Science (MS),1
2018,Mathematics (BSH),Mathematics (MS),1
2018,Mathematics (BSH),Statistics (MS),1
2018,Mechanical Engineer (BS),Civil & Envir Engr (MS),1
2018,Mechanical Engineer (BS),Computer Science (MS),1
2018,Mgmt Sci & Engineering (BS),Public Policy (MA),1
2018,Music (BA),Computer Science (MS),1
2018,Philosophy (BA),Philosophy (MA),1
2018,Physics (BS),Earth Systems (MS),1
2018,Physics (BS),Electrical Engineering (MS),1
2018,Physics (BS),Symbolic Systems (MS),1
2018,Physics (BSH),Art History (MA),1
2018,Physics (BSH),Computer Science (MS),1
2018,Political Science (BA),Communication (MA),1
2018,Political Science (BA),Computer Science (MS),1
2018,Political Science (BA),Mgmt Sci & Engineering (MS),1
2018,Psychology (BA),Community Health/Prev Res (MS),1
2018,Psychology (BA),East Asian Studies (MA),1
2018,Psychology (BA),History (MA),1
2018,Psychology (BA),Mgmt Sci & Engineering (MS),1
2018,Psychology (BA),Public Policy (MA),1
2018,Psychology (BA),Sociology (MA),1
2018,Psychology (BAH),Communication (MA),1
2018,Public Policy (BA),Mgmt Sci & Engineering (MS),1
2018,Public Policy (BAH),Public Policy (MA),1
2018,"Science, Tech, & Soc (BAH)",Communication (MA),1
2018,"Science, Tech, & Soc (BS)",Community Health/Prev Res (MS),1
2018,"Science, Tech, & Soc (BS)",Earth Systems (MS),1
2018,Sociology (BA),Sociology (MA),1
2018,Symbolic Systems (BS),Education (MA),1
2018,Symbolic Systems (BS),Latin American Studies (MA),1
2018,Symbolic Systems (BS),Philosophy (MA),1
2018,Symbolic Systems (BS),Symbolic Systems (MS),1
2018,Symbolic Systems (BSH),Computer Science (MS),1
2018,Symbolic Systems (BSH),Mgmt Sci & Engineering (MS),1
2018,Urban Studies (BA),Community Health/Prev Res (MS),1
2018,Urban Studies (BAH),African Studies (MA),1
2019,Computer Science (BS),Computer Science (MS),81
2019,Electrical Engineering (BS),Electrical Engineering (MS),29
2019,Mechanical Engineer (BS),Mechanical Engineer (MS),20
2019,Symbolic Systems (BS),Computer Science (MS),18
2019,Engineering (BS),Mechanical Engineer (MS),15
2019,Mathematics (BS),Computer Science (MS),12
2019,Math & Comp Science (BS),Computer Science (MS),9
2019,Mgmt Sci & Engineering (BS),Mgmt Sci & Engineering (MS),9
2019,Computer Science (BS),Mgmt Sci & Engineering (MS),8
2019,Computer Science (BSH),Computer Science (MS),8
2019,Earth Systems (BS),Earth Systems (MS),7
2019,Electrical Engineering (BS),Computer Science (MS),7
2019,Engineering (BS),Civil & Envir Engr (MS),7
2019,Economics (BA),Mgmt Sci & Engineering (MS),6
2019,Earth Systems (BS),Earth Systems (MA),5
2019,Civil Engineering (BS),Civil & Envir Engr (MS),4
2019,Earth Systems (BSH),Earth Systems (MS),4
2019,Economics (BA),Public Policy (MA),4
2019,Envir Systems Engr (BS),Civil & Envir Engr (MS),4
2019,Math & Comp Science (BS),Mgmt Sci & Engineering (MS),4
2019,Bioengineering (BS),Biomedical Informatics (MS),3
2019,Computer Science (BS),Biomedical Informatics (MS),3
2019,Earth Systems (BS),Civil & Envir Engr (MS),3
2019,Economics (BA),Computer Science (MS),3
2019,Engineering (BS),Mgmt Sci & Engineering (MS),3
2019,Math & Comp Science (BSH),Computer Science (MS),3
2019,Mathematics (BS),Statistics (MS),3
2019,Mathematics (BSH),Computer Science (MS),3
2019,Symbolic Systems (BS),Mgmt Sci & Engineering (MS),3
2019,Bioengineering (BS),Chemical Engineering (MS),2
2019,Bioengineering (BS),Computer Science (MS),2
2019,Biology (BS),Community Health/Prev Res (MS),2
2019,Biology (BS),Computer Science (MS),2
2019,Biology (BSH),Biology (MS),2
2019,Biology (BSH),Biomedical Informatics (MS),2
2019,Chemical Engineering (BS),Chemical Engineering (MS),2
2019,Computer Science (BS),Electrical Engineering (MS),2
2019,Engineering (BS),Computer Science (MS),2
2019,Human Biology (BA),Community Health/Prev Res (MS),2
2019,Human Biology (BS),Community Health/Prev Res (MS),2
2019,International Relat (BA),Communication (MA),2
2019,Linguistics (BA),Computer Science (MS),2
2019,Materials Science & Engr (BS),Materials Science & Engr (MS),2
2019,Mechanical Engineer (BS),Aeronautics & Astro (MS),2
2019,Mechanical Engineer (BS),Mgmt Sci & Engineering (MS),2
2019,Mgmt Sci & Engineering (BS),Computer Science (MS),2
2019,Physics (BS),Applied and Engr Physics (MS),2
2019,"Science, Tech, & Soc (BA)",Communication (MA),2
2019,Symbolic Systems (BS),Music (MA),2
2019,Symbolic Systems (BS),Symbolic Systems (MS),2
2019,Afric/Afro-Amer Stu (BAH),Anthropology (MA),1
2019,American Studies (BA),Sociology (MA),1
2019,Anthropology (BA),Anthropology (MA),1
2019,Art Practice (BA),Art History (MA),1
2019,Bioengineering (BS),Biology (MS),1
2019,Bioengineering (BS),Education (MA),1
2019,Bioengineering (BSH),Computer Science (MS),1
2019,Biology (BS),Bioengineering (MS),1
2019,Biology (BS),Biomedical Informatics (MS),1
2019,Biology (BS),Earth Systems (MS),1
2019,Biology (BS),Mechanical Engineer (MS),1
2019,Biology (BS),Statistics (MS),1
2019,Biology (BSH),Community Health/Prev Res (MS),1
2019,Biology (BSH),Computer Science (MS),1
2019,Biology (BSH),Epidemiology & Clin Rsrch (MS),1
2019,Biology (BSH),Epidemiology (MS),1
2019,Biology (BSH),Mgmt Sci & Engineering (MS),1
2019,Biology (BSH),Sociology (MA),1
2019,Chemical Engineering (BS),Biomedical Informatics (MS),1
2019,Chemical Engineering (BS),Materials Science & Engr (MS),1
2019,Chemical Engineering (BS),Mgmt Sci & Engineering (MS),1
2019,Chemical Engineering (BSH),Chemical Engineering (MS),1
2019,Chemistry (BS),Biology (MS),1
2019,Chemistry (BS),Chemistry (MS),1
2019,Chemistry (BS),Education (MA),1
2019,Chemistry (BSH),Chemistry (MS),1
2019,Communication (BA),Communication (MA),1
2019,Computer Science (BS),Comput & Math Engr (MS),1
2019,Computer Science (BS),Earth Systems (MS),1
2019,Computer Science (BS),History (MA),1
2019,Computer Science (BS),Statistics (MS),1
2019,Economics (BA),Sustainability Sci & Prac (MS),1
2019,Economics (BAH),Computer Science (MS),1
2019,Economics (BAH),Mgmt Sci & Engineering (MS),1
2019,Electrical Engineering (BS),Engineering (MS),1
2019,Electrical Engineering (BSH),Electrical Engineering (MS),1
2019,Energy Resources Engineer(BS),Energy Resources Engineer (MS),1
2019,Engineering (BS),Applied and Engr Physics (MS),1
2019,Engineering (BS),Biology (MS),1
2019,Engineering (BS),Earth Systems (MA),1
2019,Engineering (BS),Earth Systems (MS),1
2019,Engineering (BS),Education (MA),1
2019,Engineering (BS),Sustainability Sci & Prac (MS),1
2019,Engineering (BSH),Computer Science (MS),1
2019,English (BA),Biology (MS),1
2019,English (BA),Communication (MA),1
2019,English (BA),Mod Thought & Lit (MA),1
2019,English (BAH),Biology (MS),1
2019,English (BAH),English (MA),1
2019,History (BA),German Studies (MA),1
2019,History (BAH),Community Health/Prev Res (MS),1
2019,Human Biology (BA),Communication (MA),1
2019,Human Biology (BA),Computer Science (MS),1
2019,Human Biology (BA),Mgmt Sci & Engineering (MS),1
2019,Human Biology (BA),Public Policy (MA),1
2019,Human Biology (BS),Biology (MS),1
2019,Human Biology (BS),Biomedical Informatics (MS),1
2019,Human Biology (BS),Epidemiology & Clin Rsrch (MS),1
2019,Human Biology (BS),Epidemiology (MS),1
2019,Human Biology (BS),Mechanical Engineer (MS),1
2019,Indiv Des Major-Engr (BS),Sustainability Sci & Prac (MS),1
2019,International Relat (BA),Community Health/Prev Res (MS),1
2019,International Relat (BA),Earth Systems (MA),1
2019,International Relat (BA),Sustainability Sci & Prac (MS),1
2019,Linguistics (BA),Sociology (MA),1
2019,Linguistics (BAH),Computer Science (MS),1
2019,Materials Science & Engr (BS),Electrical Engineering (MS),1
2019,Materials Science & Engr (BS),Mgmt Sci & Engineering (MS),1
2019,Materials Science & Engr (BSH),Comput & Math Engr (MS),1
2019,Math & Comp Science (BS),Biomedical Informatics (MS),1
2019,Math & Comp Science (BS),Electrical Engineering (MS),1
2019,Math & Comp Science (BSH),Comput & Math Engr (MS),1
2019,Mathematics (BSH),Electrical Engineering (MS),1
2019,Mechanical Engineer (BS),Civil & Envir Engr (MS),1
2019,Mechanical Engineer (BS),Electrical Engineering (MS),1
2019,Mechanical Engineer (BS),Music (MA),1
2019,Mechanical Engineer (BS),Sustainability Sci & Prac (MS),1
2019,Mgmt Sci & Engineering (BS),Communication (MA),1
2019,Mgmt Sci & Engineering (BS),Energy Resources Engineer (MS),1
2019,Mgmt Sci & Engineering (BS),Public Policy (MA),1
2019,Mgmt Sci & Engineering (BS),Statistics (MS),1
2019,Music (BAH),Computer Science (MS),1
2019,Philosophy & Rel Stud (BA),Computer Science (MS),1
2019,Philosophy & Rel Stud (BA),Religious Studies (MA),1
2019,Philosophy & Rel Stud (BAH),Philosophy (MA),1
2019,Philosophy (BA),Earth Systems (MS),1
2019,Philosophy (BA),Philosophy (MA),1
2019,Philosophy (BA),Religious Studies (MA),1
2019,Philosophy (BA),Sociology (MA),1
2019,Physics (BS),Comput & Math Engr (MS),1
2019,Physics (BS),Computer Science (MS),1
2019,Physics (BS),Electrical Engineering (MS),1
2019,Physics (BS),Geophysics (MS),1
2019,Physics (BSH),Applied and Engr Physics (MS),1
2019,Physics (BSH),Computer Science (MS),1
2019,Political Science (BA),Computer Science (MS),1
2019,Political Science (BA),Earth Systems (MS),1
2019,Political Science (BA),East Asian Studies (MA),1
2019,Political Science (BA),Mgmt Sci & Engineering (MS),1
2019,Political Science (BA),Sociology (MA),1
2019,Psychology (BA),Communication (MA),1
2019,Psychology (BA),Earth Systems (MA),1
2019,Psychology (BA),Sociology (MA),1
2019,Public Policy (BA),International Policy (MA),1
2019,Public Policy (BAH),Mgmt Sci & Engineering (MS),1
2019,"Science, Tech, & Soc (BA)",Sustainability Sci & Prac (MA),1
2019,"Science, Tech, & Soc (BA)",Sustainability Sci & Prac (MS),1
2019,"Science, Tech, & Soc (BS)",Communication (MA),1
2019,"Science, Tech, & Soc (BS)",Mgmt Sci & Engineering (MS),1
2019,"Science, Tech, & Soc (BS)",Sustainability Sci & Prac (MS),1
2019,"Science, Tech, & Soc (BSH)",Communication (MA),1
2019,"Science, Tech, & Soc (BSH)",Mgmt Sci & Engineering (MS),1
2019,Sociology (BA),Communication (MA),1
2019,Sociology (BA),Community Health/Prev Res (MS),1
2019,Sociology (BA),Sociology (MA),1
2019,Symbolic Systems (BS),Communication (MA),1
2019,Symbolic Systems (BS),Philosophy (MA),1
2019,Urban Studies (BA),Sociology (MA),1
2019,Urban Studies (BAH),Sociology (MA),1
2020,Computer Science (BS),Computer Science (MS),103
2020,Electrical Engineering (BS),Electrical Engineering (MS),28
2020,Mechanical Engineer (BS),Mechanical Engineer (MS),25
2020,Symbolic Systems (BS),Computer Science (MS),13
2020,Mgmt Sci & Engineering (BS),Mgmt Sci & Engineering (MS),10
2020,Computer Science (BSH),Computer Science (MS),9
2020,Earth Systems (BS),Earth Systems (MS),8
2020,Mathematics (BS),Computer Science (MS),8
2020,Civil Engineering (BS),Civil & Envir Engr (MS),7
2020,Economics (BA),Mgmt Sci & Engineering (MS),7
2020,Engineering (BS),Mechanical Engineer (MS),7
2020,Math & Comp Science (BS),Statistics (MS),7
2020,Earth Systems (BSH),Earth Systems (MS),6
2020,Math & Comp Science (BS),Computer Science (MS),6
2020,Computer Science (BS),Mgmt Sci & Engineering (MS),5
2020,Engineering (BS),Computer Science (MS),5
2020,Mgmt Sci & Engineering (BS),Computer Science (MS),5
2020,Computer Science (BS),Statistics (MS),4
2020,Earth Systems (BS),Earth Systems (MA),4
2020,Economics (BA),Public Policy (MA),4
2020,Human Biology (BA),Community Health/Prev Res (MS),4
2020,Physics (BS),Computer Science (MS),4
2020,Biology (BS),Biology (MS),3
2020,Chemical Engineering (BS),Chemical Engineering (MS),3
2020,Communication (BA),Communication (MA),3
2020,Electrical Engineering (BS),Computer Science (MS),3
2020,Engineering (BS),Civil & Envir Engr (MS),3
2020,Engineering (BS),Mgmt Sci & Engineering (MS),3
2020,Materials Science & Engr (BS),Materials Science & Engr (MS),3
2020,Mathematics (BS),Statistics (MS),3
2020,Mathematics (BSH),Computer Science (MS),3
2020,Physics (BS),Applied and Engr Physics (MS),3
2020,Symbolic Systems (BS),Mgmt Sci & Engineering (MS),3
2020,Art History (BA),Art History (MA),2
2020,Bioengineering (BS),Computer Science (MS),2
2020,Biology (BSH),Biology (MS),2
2020,Computer Science (BS),Biomedical Informatics (MS),2
2020,Economics (BA),Computer Science (MS),2
2020,Economics (BAH),Computer Science (MS),2
2020,Economics (BAH),Mgmt Sci & Engineering (MS),2
2020,Engineering (BS),Applied and Engr Physics (MS),2
2020,Engineering (BS),Biomedical Informatics (MS),2
2020,Envir Systems Engr (BS),Earth Systems (MS),2
2020,Envir Systems Engr (BS),Mgmt Sci & Engineering (MS),2
2020,Human Biology (BA),Communication (MA),2
2020,Human Biology (BA),Epidemiology & Clin Rsrch (MS),2
2020,Human Biology (BA),Epidemiology (MS),2
2020,Human Biology (BSH),Community Health/Prev Res (MS),2
2020,International Relat (BA),International Policy (MA),2
2020,Mechanical Engineer (BS),Computer Science (MS),2
2020,Physics (BSH),Computer Science (MS),2
2020,Political Science (BA),Communication (MA),2
2020,Public Policy (BA),Public Policy (MA),2
2020,Aeronautics & Astro (BS),Aeronautics & Astro (MS),1
2020,Afric/Afro-Amer Stu (BA),Sociology (MA),1
2020,American Studies (BA),Sustainability Sci & Prac (MA),1
2020,Anthropology (BA),Anthropology (MA),1
2020,Anthropology (BA),Latin American Studies (MA),1
2020,Anthropology (BAH),Art History (MA),1
2020,Art Practice (BA),Epidemiology & Clin Rsrch (MS),1
2020,Art Practice (BA),Epidemiology (MS),1
2020,Bioengineering (BS),Bioengineering (MS),1
2020,Bioengineering (BS),Biology (MS),1
2020,Bioengineering (BS),Mgmt Sci & Engineering (MS),1
2020,Bioengineering (BSH),Biology (MS),1
2020,Bioengineering (BSH),Biomedical Informatics (MS),1
2020,Bioengineering (BSH),Computer Science (MS),1
2020,Biology (BS),Bioengineering (MS),1
2020,Biology (BS),Epidemiology & Clin Rsrch (MS),1
2020,Biology (BS),Epidemiology (MS),1
2020,Biology (BS),Mgmt Sci & Engineering (MS),1
2020,Biology (BSH),Biomedical Informatics (MS),1
2020,Biology (BSH),Earth Systems (MS),1
2020,Biology (BSH),Epidemiology & Clin Rsrch (MS),1
2020,Biology (BSH),Epidemiology (MS),1
2020,Biology (BSH),Statistics (MS),1
2020,Chemistry (BS),Bioengineering (MS),1
2020,Chemistry (BS),Biology (MS),1
2020,Chemistry (BS),Chemistry (MS),1
2020,Chemistry (BS),Civil & Envir Engr (MS),1
2020,Chemistry (BS),Computer Science (MS),1
2020,Classics (BA),Computer Science (MS),1
2020,Comp Stu Race & Eth (BA),Latin American Studies (MA),1
2020,Comp Stu Race & Eth (BAH),Communication (MA),1
2020,Comparative Lit (BA),Mod Thought & Lit (MA),1
2020,Computer Science (BS),Biology (MS),1
2020,Computer Science (BS),Earth Systems (MS),1
2020,Computer Science (BS),Sociology (MA),1
2020,Computer Science (BS),Symbolic Systems (MS),1
2020,Earth Systems (BS),Mgmt Sci & Engineering (MS),1
2020,Earth Systems (BS),Sustainability Sci & Prac (MA),1
2020,Earth Systems (BS),Sustainability Sci & Prac (MS),1
2020,Electrical Engineering (BS),Civil & Envir Engr (MS),1
2020,Electrical Engineering (BS),Mgmt Sci & Engineering (MS),1
2020,Electrical Engineering (BSH),Computer Science (MS),1
2020,Electrical Engineering (BSH),Electrical Engineering (MS),1
2020,Energy Resources Engineer(BS),Energy Resources Engineer (MS),1
2020,Energy Resources Engineer(BSH),Comput & Math Engr (MS),1
2020,Engineering (BS),Bioengineering (MS),1
2020,Engineering (BS),Biology (MS),1
2020,Engineering (BS),Community Health/Prev Res (MS),1
2020,Engineering (BS),Earth Systems (MA),1
2020,Engineering (BS),Sustainability Sci & Prac (MS),1
2020,English (BA),Communication (MA),1
2020,English (BA),Computer Science (MS),1
2020,English (BA),Sustainability Sci & Prac (MA),1
2020,English (BAH),Sustainability Sci & Prac (MA),1
2020,Envir Systems Engr (BS),Civil & Envir Engr (MS),1
2020,Envir Systems Engr (BSH),Civil & Envir Engr (MS),1
2020,Geological Sciences (BSH),Geological Sciences (MS),1
2020,History (BA),Earth Systems (MA),1
2020,History (BA),History (MA),1
2020,Human Biology (BA),Education (MA),1
2020,Human Biology (BAH),Community Health/Prev Res (MS),1
2020,Human Biology (BS),Biology (MS),1
2020,Human Biology (BS),Civil & Envir Engr (MS),1
2020,Human Biology (BS),Community Health/Prev Res (MS),1
2020,Human Biology (BS),Earth Systems (MA),1
2020,Human Biology (BS),Sustainability Sci & Prac (MS),1
2020,Human Biology (BSH),Bioengineering (MS),1
2020,Human Biology (BSH),Epidemiology & Clin Rsrch (MS),1
2020,Human Biology (BSH),Epidemiology (MS),1
2020,ILAC (BA),Latin American Studies (MA),1
2020,Indiv Des Major-Engr (BS),Communication (MA),1
2020,Indiv Des Major-Engr (BS),Mgmt Sci & Engineering (MS),1
2020,International Relat (BA),Communication (MA),1
2020,Linguistics (BA),Computer Science (MS),1
2020,Materials Science & Engr (BS),Aeronautics & Astro (MS),1
2020,Materials Science & Engr (BS),Applied and Engr Physics (MS),1
2020,Materials Science & Engr (BS),Comput & Math Engr (MS),1
2020,Materials Science & Engr (BS),Mechanical Engineer (MS),1
2020,Materials Science & Engr (BSH),Electrical Engineering (MS),1
2020,Math & Comp Science (BS),Biomedical Informatics (MS),1
2020,Math & Comp Science (BS),Comput & Math Engr (MS),1
2020,Math & Comp Science (BS),Mgmt Sci & Engineering (MS),1
2020,Math & Comp Science (BS),Public Policy (MA),1
2020,Math & Comp Science (BSH),Computer Science (MS),1
2020,Math & Comp Science (BSH),Mgmt Sci & Engineering (MS),1
2020,Mathematics (BS),Applied and Engr Physics (MS),1
2020,Mathematics (BS),Electrical Engineering (MS),1
2020,Mathematics (BSH),Statistics (MS),1
2020,Mechanical Engineer (BS),Civil & Envir Engr (MS),1
2020,Mechanical Engineer (BS),Engineering (MS),1
2020,Mechanical Engineer (BSH),Mechanical Engineer (MS),1
2020,Mgmt Sci & Engineering (BS),International Policy (MA),1
2020,Mgmt Sci & Engineering (BS),Public Policy (MA),1
2020,Music (BAH),Computer Science (MS),1
2020,Philosophy (BA),Communication (MA),1
2020,Physics (BS),Education (MA),1
2020,Physics (BS),Electrical Engineering (MS),1
2020,Political Science (BA),Mgmt Sci & Engineering (MS),1
2020,Political Science (BA),Sociology (MA),1
2020,Political Science (BAH),Mgmt Sci & Engineering (MS),1
2020,Psychology (BA),Community Health/Prev Res (MS),1
2020,Psychology (BA),Computer Science (MS),1
2020,Psychology (BA),History (MA),1
2020,Psychology (BA),Statistics (MS),1
2020,Psychology (BA),Symbolic Systems (MS),1
2020,Psychology (BAH),Sociology (MA),1
2020,Public Policy (BA),Civil & Envir Engr (MS),1
2020,Public Policy (BAH),Mgmt Sci & Engineering (MS),1
2020,Public Policy (BAH),Public Policy (MA),1
2020,"Science, Tech, & Soc (BA)",Sustainability Sci & Prac (MA),1
2020,"Science, Tech, & Soc (BAH)",Symbolic Systems (MS),1
2020,"Science, Tech, & Soc (BS)",Computer Science (MS),1
2020,"Science, Tech, & Soc (BS)",Sustainability Sci & Prac (MA),1
2020,Sociology (BA),Education (MA),1
2020,Sociology (BA),Sociology (MA),1
2020,Symbolic Systems (BS),Communication (MA),1
2020,Symbolic Systems (BS),Education (MA),1
2020,Symbolic Systems (BS),Electrical Engineering (MS),1
2020,Symbolic Systems (BS),Music (MA),1
2020,Symbolic Systems (BS),Symbolic Systems (MS),1
2020,Symbolic Systems (BSH),Mgmt Sci & Engineering (MS),1
2021,Computer Science (BS),Computer Science (MS),110
2021,Mechanical Engineer (BS),Mechanical Engineer (MS),29
2021,Electrical Engineering (BS),Electrical Engineering (MS),22
2021,Mathematics (BS),Computer Science (MS),15
2021,Symbolic Systems (BS),Computer Science (MS),14
2021,Engineering (BS),Mechanical Engineer (MS),12
2021,Mgmt Sci & Engineering (BS),Mgmt Sci & Engineering (MS),10
2021,Computer Science (BSH),Computer Science (MS),9
2021,Math & Comp Science (BS),Computer Science (MS),8
2021,Computer Science (BS),Mgmt Sci & Engineering (MS),6
2021,Earth Systems (BS),Earth Systems (MS),6
2021,Economics (BA),Computer Science (MS),5
2021,Economics (BA),Mgmt Sci & Engineering (MS),5
2021,Human Biology (BA),Community Health/Prev Res (MS),5
2021,Mgmt Sci & Engineering (BS),Sustainability Sci & Prac (MS),5
2021,Bioengineering (BS),Computer Science (MS),4
2021,Biology (BS),Biology (MS),4
2021,Biology (BSH),Biology (MS),4
2021,Civil Engineering (BS),Civil & Envir Engr (MS),4
2021,Computer Science (BS),Statistics (MS),4
2021,Electrical Engineering (BS),Computer Science (MS),4
2021,Engineering (BS),Mgmt Sci & Engineering (MS),4
2021,Physics (BS),Computer Science (MS),4
2021,"Science, Tech, & Soc (BA)",Communication (MA),4
2021,Earth Systems (BS),Earth Systems (MA),3
2021,Earth Systems (BSH),Earth Systems (MS),3
2021,Economics (BA),Public Policy (MA),3
2021,Economics (BAH),Mgmt Sci & Engineering (MS),3
2021,Electrical Engineering (BS),Mgmt Sci & Engineering (MS),3
2021,Envir Systems Engr (BS),Civil & Envir Engr (MS),3
2021,International Relat (BA),Earth Systems (MA),3
2021,Materials Science & Engr (BS),Computer Science (MS),3
2021,Math & Comp Science (BS),Biomedical Informatics (MS),3
2021,Math & Comp Science (BS),Statistics (MS),3
2021,Mathematics (BSH),Computer Science (MS),3
2021,Mgmt Sci & Engineering (BS),Computer Science (MS),3
2021,Political Science (BA),Communication (MA),3
2021,Bioengineering (BSH),Computer Science (MS),2
2021,Biology (BS),Biomedical Informatics (MS),2
2021,Biology (BSH),Biomedical Informatics (MS),2
2021,Chemical Engineering (BS),Chemical Engineering (MS),2
2021,Communication (BA),Communication (MA),2
2021,Computer Science (BS),Biomedical Informatics (MS),2
2021,Computer Science (BS),Electrical Engineering (MS),2
2021,Computer Science (BS),Sustainability Sci & Prac (MS),2
2021,Economics (BAH),Statistics (MS),2
2021,Engineering (BS),Sustainability Sci & Prac (MA),2
2021,English (BA),Computer Science (MS),2
2021,Envir Systems Engr (BSH),Civil & Envir Engr (MS),2
2021,Human Biology (BS),Earth Systems (MA),2
2021,Human Biology (BS),Mgmt Sci & Engineering (MS),2
2021,Human Biology (BS),Sustainability Sci & Prac (MA),2
2021,International Relat (BA),Communication (MA),2
2021,International Relat (BA),Mgmt Sci & Engineering (MS),2
2021,Math & Comp Science (BS),Comput & Math Engr (MS),2
2021,Math & Comp Science (BSH),Computer Science (MS),2
2021,Mechanical Engineer (BS),Aeronautics & Astro (MS),2
2021,Mechanical Engineer (BS),Civil & Envir Engr (MS),2
2021,Mgmt Sci & Engineering (BS),Communication (MA),2
2021,Music (BA),Music (MA),2
2021,Philosophy (BA),Computer Science (MS),2
2021,Physics (BS),Electrical Engineering (MS),2
2021,Psychology (BA),Communication (MA),2
2021,"Science, Tech, & Soc (BS)",Communication (MA),2
2021,"Science, Tech, & Soc (BS)",Sustainability Sci & Prac (MS),2
2021,"Science, Tech, & Soc (BSH)",Sustainability Sci & Prac (MA),2
2021,Symbolic Systems (BS),Mgmt Sci & Engineering (MS),2
2021,Symbolic Systems (BS),Sustainability Sci & Prac (MS),2
2021,Symbolic Systems (BSH),Computer Science (MS),2
2021,Aeronautics & Astro (BS),Aeronautics & Astro (MS),1
2021,Aeronautics & Astro (BS),Applied and Engr Physics (MS),1
2021,Afric/Afro-Amer Stu (BA),Education (MA),1
2021,American Studies (BA),Computer Science (MS),1
2021,Asian American Stu (BA),Computer Science (MS),1
2021,Bioengineering (BS),Bioengineering (MS),1
2021,Bioengineering (BS),Biomedical Informatics (MS),1
2021,Bioengineering (BS),Chemical Engineering (MS),1
2021,Bioengineering (BSH),Bioengineering (MS),1
2021,Biology (BS),Computer Science (MS),1
2021,Biology (BS),Earth Systems (MA),1
2021,Biology (BS),History (MA),1
2021,Biology (BSH),Bioengineering (MS),1
2021,Biology (BSH),Community Health/Prev Res (MS),1
2021,Biology (BSH),Computer Science (MS),1
2021,Biology (BSH),Epidemiology & Clin Rsrch (MS),1
2021,Biology (BSH),Epidemiology (MS),1
2021,Biology (BSH),Sustainability Sci & Prac (MS),1
2021,Chemical Engineering (BS),Biomedical Informatics (MS),1
2021,Chemical Engineering (BS),Civil & Envir Engr (MS),1
2021,Chemistry (BS),Mechanical Engineer (MS),1
2021,Chemistry (BSH),Computer Science (MS),1
2021,Civil Engineering (BS),Computer Science (MS),1
2021,Civil Engineering (BS),Mgmt Sci & Engineering (MS),1
2021,Civil Engineering (BS),Sustainability Sci & Prac (MS),1
2021,Classics (BA),International Policy (MA),1
2021,Comp Stu Race & Eth (BA),Earth Systems (MA),1
2021,Comp Stu Race & Eth (BA),Mod Thought & Lit (MA),1
2021,Computer Science (BS),Applied and Engr Physics (MS),1
2021,Computer Science (BS),Civil & Envir Engr (MS),1
2021,Computer Science (BS),International Policy (MA),1
2021,Computer Science (BS),Materials Science & Engr (MS),1
2021,Computer Science (BSH),Symbolic Systems (MS),1
2021,Earth Systems (BS),Civil & Envir Engr (MS),1
2021,Earth Systems (BS),Computer Science (MS),1
2021,Earth Systems (BS),Sustainability Sci & Prac (MA),1
2021,Earth Systems (BS),Sustainability Sci & Prac (MS),1
2021,Economics (BA),Communication (MA),1
2021,Economics (BA),Earth Systems (MA),1
2021,Economics (BA),History (MA),1
2021,Economics (BA),Sustainability Sci & Prac (MS),1
2021,Economics (BAH),Computer Science (MS),1
2021,Economics (BAH),Public Policy (MA),1
2021,Electrical Engineering (BSH),Computer Science (MS),1
2021,Engineering (BS),Aeronautics & Astro (MS),1
2021,Engineering (BS),Civil & Envir Engr (MS),1
2021,Engineering (BS),Computer Science (MS),1
2021,Engineering (BS),Earth Systems (MA),1
2021,Engineering (BS),Sociology (MA),1
2021,Engineering (BS),Sustainability Sci & Prac (MS),1
2021,Engineering (BSH),Computer Science (MS),1
2021,Engineering (BSH),Mechanical Engineer (MS),1
2021,English (BA),Communication (MA),1
2021,English (BA),Community Health/Prev Res (MS),1
2021,English (BA),Earth Systems (MA),1
2021,English (BA),English (MA),1
2021,English (BAH),Computer Science (MS),1
2021,English (BAH),English (MA),1
2021,English (BAH),Mod Thought & Lit (MA),1
2021,Film and Media Studies (BA),Communication (MA),1
2021,History (BA),International Policy (MA),1
2021,History (BAH),Anthropology (MA),1
2021,History (BAH),Computer Science (MS),1
2021,Human Biology (BA),Earth Systems (MA),1
2021,Human Biology (BA),Education (MA),1
2021,Human Biology (BA),Sociology (MA),1
2021,Human Biology (BAH),Earth Systems (MS),1
2021,Human Biology (BS),Anthropology (MA),1
2021,Human Biology (BS),Biomedical Informatics (MS),1
2021,Human Biology (BS),Computer Science (MS),1
2021,Human Biology (BS),Epidemiology & Clin Rsrch (MS),1
2021,Human Biology (BS),Epidemiology (MS),1
2021,Human Biology (BS),Mechanical Engineer (MS),1
2021,Human Biology (BS),Sociology (MA),1
2021,Human Biology (BSH),Community Health/Prev Res (MS),1
2021,Human Biology (BSH),Epidemiology & Clin Rsrch (MS),1
2021,Human Biology (BSH),Epidemiology (MS),1
2021,Human Biology (BSH),Mgmt Sci & Engineering (MS),1
2021,Indiv Des Major-Engr (BS),Mechanical Engineer (MS),1
2021,Indiv Des Major-Engr (BS),Mgmt Sci & Engineering (MS),1
2021,International Relat (BA),East Asian Studies (MA),1
2021,International Relat (BA),International Policy (MA),1
2021,International Relat (BA),Rus & E Eurp & Eurasian (MA),1
2021,International Relat (BA),Russian & East Europe St (MA),1
2021,International Relat (BAH),East Asian Studies (MA),1
2021,Linguistics (BA),Communication (MA),1
2021,Linguistics (BAH),Computer Science (MS),1
2021,Materials Science & Engr (BS),Materials Science & Engr (MS),1
2021,Materials Science & Engr (BS),Mgmt Sci & Engineering (MS),1
2021,Math & Comp Science (BS),Mgmt Sci & Engineering (MS),1
2021,Math & Comp Science (BSH),Mgmt Sci & Engineering (MS),1
2021,Mathematics (BS),Electrical Engineering (MS),1
2021,Mathematics (BS),Mgmt Sci & Engineering (MS),1
2021,Mechanical Engineer (BS),Computer Science (MS),1
2021,Mechanical Engineer (BS),Mgmt Sci & Engineering (MS),1
2021,Mechanical Engineer (BS),Sustainability Sci & Prac (MS),1
2021,Mechanical Engineer (BSH),Mechanical Engineer (MS),1
2021,Mgmt Sci & Engineering (BS),Sociology (MA),1
2021,Philosophy & Rel Stud (BA),Philosophy (MA),1
2021,Philosophy (BA),Earth Systems (MA),1
2021,Philosophy (BA),Philosophy (MA),1
2021,Philosophy (BAH),Computer Science (MS),1
2021,Physics (BSH),Mathematics (MS),1
2021,Political Science (BA),Earth Systems (MA),1
2021,Political Science (BA),International Policy (MA),1
2021,Political Science (BA),Mgmt Sci & Engineering (MS),1
2021,Political Science (BA),Philosophy (MA),1
2021,Political Science (BA),Sociology (MA),1
2021,Political Science (BA),Sustainability Sci & Prac (MS),1
2021,Political Science (BAH),Communication (MA),1
2021,Political Science (BAH),Computer Science (MS),1
2021,Political Science (BAH),Earth Systems (MA),1
2021,Psychology (BA),Computer Science (MS),1
2021,Psychology (BA),Religious Studies (MA),1
2021,Psychology (BA),Sustainability Sci & Prac (MA),1
2021,Psychology (BAH),Sociology (MA),1
2021,Public Policy (BA),Computer Science (MS),1
2021,Public Policy (BAH),Public Policy (MA),1
2021,"Science, Tech, & Soc (BS)",Computer Science (MS),1
2021,"Science, Tech, & Soc (BS)",Mgmt Sci & Engineering (MS),1
2021,"Science, Tech, & Soc (BS)",Sustainability Sci & Prac (MA),1
2021,Symbolic Systems (BS),Civil & Envir Engr (MS),1
2021,Symbolic Systems (BS),Communication (MA),1
2021,Symbolic Systems (BS),Earth Systems (MA),1
2021,Symbolic Systems (BS),Earth Systems (MS),1
2021,Symbolic Systems (BS),Music (MA),1
2021,Symbolic Systems (BS),Philosophy (MA),1
2021,Symbolic Systems (BS),Sociology (MA),1
2021,Symbolic Systems (BS),Symbolic Systems (MS),1
2021,Urban Studies (BA),Public Policy (MA),1
2021,Urban Studies (BA),Sociology (MA),1
2022,Computer Science (BS),Computer Science (MS),111
2022,Mathematics (BS),Computer Science (MS),24
2022,Mechanical Engineer (BS),Mechanical Engineer (MS),18
2022,Mgmt Sci & Engineering (BS),Mgmt Sci & Engineering (MS),15
2022,Computer Science (BS),Mgmt Sci & Engineering (MS),14
2022,Electrical Engineering (BS),Electrical Engineering (MS),13
2022,Electrical Engineering (BS),Computer Science (MS),11
2022,Symbolic Systems (BS),Computer Science (MS),10
2022,Earth Systems (BS),Earth Systems (MA),7
2022,Earth Systems (BS),Earth Systems (MS),7
2022,Biology (BSH),Biology (MS),6
2022,Engineering (BS),Mechanical Engineer (MS),6
2022,Math & Comp Science (BS),Computer Science (MS),6
2022,Chemical Engineering (BS),Chemical Engineering (MS),5
2022,Economics (BA),Computer Science (MS),5
2022,Economics (BA),Mgmt Sci & Engineering (MS),5
2022,Economics (BA),Public Policy (MA),5
2022,Human Biology (BS),Community Health/Prev Res (MS),5
2022,Public Policy (BA),Public Policy (MA),5
2022,Biology (BS),Biology (MS),4
2022,Civil Engineering (BS),Civil & Envir Engr (MS),4
2022,Computer Science (BSH),Computer Science (MS),4
2022,Economics (BA),Statistics (MS),4
2022,Economics (BAH),Computer Science (MS),4
2022,Engineering (BS),Mgmt Sci & Engineering (MS),4
2022,Math & Comp Science (BSH),Computer Science (MS),4
2022,Mgmt Sci & Engineering (BS),Computer Science (MS),4
2022,Political Science (BA),Communication (MA),4
2022,"Science, Tech, & Soc (BS)",Communication (MA),4
2022,Symbolic Systems (BS),Sustainability Sci & Prac (MS),4
2022,Bioengineering (BS),Computer Science (MS),3
2022,Communication (BA),Communication (MA),3
2022,Computer Science (BS),Biomedical Informatics (MS),3
2022,Earth Systems (BS),Sustainability Sci & Prac (MS),3
2022,Earth Systems (BSH),Earth Systems (MS),3
2022,Economics (BA),Sustainability Sci & Prac (MS),3
2022,Engineering (BS),Sustainability Sci & Prac (MS),3
2022,Envir Systems Engr (BS),Civil & Envir Engr (MS),3
2022,International Relat (BA),Latin American Studies (MA),3
2022,Materials Science & Engr (BS),Materials Science & Engr (MS),3
2022,Math & Comp Science (BS),Statistics (MS),3
2022,Mathematics (BSH),Computer Science (MS),3
2022,Political Science (BA),Sociology (MA),3
2022,Political Science (BA),Sustainability Sci & Prac (MS),3
2022,"Science, Tech, & Soc (BA)",Communication (MA),3
2022,Sociology (BA),Sociology (MA),3
2022,Symbolic Systems (BS),Mgmt Sci & Engineering (MS),3
2022,Aeronautics & Astro (BS),Aeronautics & Astro (MS),2
2022,Biology (BS),Computer Science (MS),2
2022,Biology (BS),Mgmt Sci & Engineering (MS),2
2022,Computer Science (BS),Electrical Engineering (MS),2
2022,Electrical Engineering (BSH),Computer Science (MS),2
2022,Engineering (BS),Aeronautics & Astro (MS),2
2022,Engineering (BS),Civil & Envir Engr (MS),2
2022,Engineering (BS),Computer Science (MS),2
2022,Geophysics (BS),Geophysics (MS),2
2022,Human Biology (BS),Laboratory Animal Science (MS),2
2022,Mathematics (BS),Mgmt Sci & Engineering (MS),2
2022,Mathematics (BS),Statistics (MS),2
2022,Mechanical Engineer (BS),Computer Science (MS),2
2022,Mechanical Engineer (BS),Electrical Engineering (MS),2
2022,Mechanical Engineer (BS),Mgmt Sci & Engineering (MS),2
2022,Mgmt Sci & Engineering (BS),Sustainability Sci & Prac (MS),2
2022,Physics (BS),Applied and Engr Physics (MS),2
2022,Physics (BS),Computer Science (MS),2
2022,"Science, Tech, & Soc (BS)",Sustainability Sci & Prac (MA),2
2022,Symbolic Systems (BS),Philosophy (MA),2
2022,Symbolic Systems (BS),Sociology (MA),2
2022,Symbolic Systems (BSH),Computer Science (MS),2
2022,American Studies (BA),Sustainability Sci & Prac (MA),1
2022,Anthropology (BA),Communication (MA),1
2022,Anthropology (BAH),Earth Systems (MS),1
2022,Art Practice (BA),Communication (MA),1
2022,Art Practice (BAH),Computer Science (MS),1
2022,Asian American Stu (BAH),Sociology (MA),1
2022,Bioengineering (BS),Biology (MS),1
2022,Bioengineering (BS),Biomedical Informatics (MS),1
2022,Bioengineering (BS),Chemical Engineering (MS),1
2022,Bioengineering (BS),Mechanical Engineer (MS),1
2022,Bioengineering (BS),Mgmt Sci & Engineering (MS),1
2022,Bioengineering (BS),Sustainability Sci & Prac (MS),1
2022,Biology (BS),Biomedical Informatics (MS),1
2022,Biology (BS),Epidemiology & Clin Rsrch (MS),1
2022,Biology (BS),Epidemiology (MS),1
2022,Biology (BS),Laboratory Animal Science (MS),1
2022,Biology (BS),Sustainability Sci & Prac (MS),1
2022,Biology (BSH),Community Health/Prev Res (MS),1
2022,Chemical Engineering (BS),Aeronautics & Astro (MS),1
2022,Chemical Engineering (BS),Mgmt Sci & Engineering (MS),1
2022,Chemical Engineering (BS),Sustainability Sci & Prac (MS),1
2022,Chemical Engineering (BSH),Bioengineering (MS),1
2022,Chemistry (BS),Biology (MS),1
2022,Chemistry (BS),Chemistry (MS),1
2022,Chemistry (BS),Electrical Engineering (MS),1
2022,Chemistry (BS),Materials Science & Engr (MS),1
2022,Classics (BA),Sustainability Sci & Prac (MA),1
2022,Communication (BA),Earth Systems (MA),1
2022,Communication (BAH),Communication (MA),1
2022,Comp Stu Race & Eth (BAH),Latin American Studies (MA),1
2022,Comp Stu Race & Eth (BAH),Sociology (MA),1
2022,Comparative Lit (BA),Sustainability Sci & Prac (MA),1
2022,Computer Science (BS),Epidemiology & Clin Rsrch (MS),1
2022,Computer Science (BS),Epidemiology (MS),1
2022,Computer Science (BS),International Policy (MA),1
2022,Computer Science (BS),Public Policy (MA),1
2022,Computer Science (BS),Symbolic Systems (MS),1
2022,Computer Science (BSH),Statistics (MS),1
2022,Earth Systems (BS),Mgmt Sci & Engineering (MS),1
2022,Earth Systems (BSH),Statistics (MS),1
2022,Economics (BAH),Mgmt Sci & Engineering (MS),1
2022,Economics (BAH),Public Policy (MA),1
2022,Economics (BAH),Statistics (MS),1
2022,Electrical Engineering (BS),Materials Science & Engr (MS),1
2022,Energy Resources Engineer(BS),Energy Resources Engineer (MS),1
2022,Engineering (BS),Biomedical Informatics (MS),1
2022,Engineering (BS),Communication (MA),1
2022,Engineering (BS),Electrical Engineering (MS),1
2022,Engineering (BS),Epidemiology & Clin Rsrch (MS),1
2022,Engineering (BS),Epidemiology (MS),1
2022,Engineering (BS),Materials Science & Engr (MS),1
2022,Engineering (BS),Sustainability Sci & Prac (MA),1
2022,English (BA),Communication (MA),1
2022,English (BA),Mgmt Sci & Engineering (MS),1
2022,English (BA),Sustainability Sci & Prac (MS),1
2022,English (BAH),Computer Science (MS),1
2022,English (BAH),English (MA),1
2022,English (BAH),Sociology (MA),1
2022,Envir Systems Engr (BSH),Civil & Envir Engr (MS),1
2022,"Fem, Gen, & Sex Studies (BA)",English (MA),1
2022,"Fem, Gen, & Sex Studies (BA)",Epidemiology & Clin Rsrch (MS),1
2022,"Fem, Gen, & Sex Studies (BA)",Epidemiology (MS),1
2022,Geological Sciences (BS),Geological Sciences (MS),1
2022,History (BA),Communication (MA),1
2022,History (BA),Computer Science (MS),1
2022,History (BA),Philosophy (MA),1
2022,History (BA),Rus & E Eurp & Eurasian (MA),1
2022,History (BA),Russian & East Europe St (MA),1
2022,Human Biology (BA),Community Health/Prev Res (MS),1
2022,Human Biology (BA),Computer Science (MS),1
2022,Human Biology (BA),Epidemiology & Clin Rsrch (MS),1
2022,Human Biology (BA),Epidemiology (MS),1
2022,Human Biology (BA),Public Policy (MA),1
2022,Human Biology (BA),Sustainability Sci & Prac (MA),1
2022,Human Biology (BS),Biology (MS),1
2022,Human Biology (BS),Earth Systems (MA),1
2022,Human Biology (BS),Epidemiology & Clin Rsrch (MS),1
2022,Human Biology (BS),Epidemiology (MS),1
2022,Human Biology (BSH),Mgmt Sci & Engineering (MS),1
2022,Indiv Des Major-Engr (BS),Communication (MA),1
2022,Indiv Des Major-Engr (BS),Electrical Engineering (MS),1
2022,International Relat (BA),International Policy (MA),1
2022,International Relat (BA),Public Policy (MA),1
2022,International Relat (BA),Sociology (MA),1
2022,International Relat (BA),Sustainability Sci & Prac (MS),1
2022,Linguistics (BAH),Computer Science (MS),1
2022,Materials Science & Engr (BS),Computer Science (MS),1
2022,Math & Comp Science (BS),Mgmt Sci & Engineering (MS),1
2022,Math & Comp Science (BSH),Statistics (MS),1
2022,Mathematics (BS),Earth Systems (MS),1
2022,Mechanical Engineer (BS),Aeronautics & Astro (MS),1
2022,Mechanical Engineer (BS),Energy Resources Engineer (MS),1
2022,Mechanical Engineer (BS),Materials Science & Engr (MS),1
2022,Mechanical Engineer (BS),Sustainability Sci & Prac (MS),1
2022,Mgmt Sci & Engineering (BS),Communication (MA),1
2022,Mgmt Sci & Engineering (BS),Education (MA),1
2022,Music (BA),Music (MA),1
2022,Philosophy (BA),Electrical Engineering (MS),1
2022,Philosophy (BA),Mgmt Sci & Engineering (MS),1
2022,Philosophy (BA),Symbolic Systems (MS),1
2022,Physics (BS),Mgmt Sci & Engineering (MS),1
2022,Physics (BSH),Applied and Engr Physics (MS),1
2022,Physics (BSH),Comput & Math Engr (MS),1
2022,Political Science (BA),Education (MA),1
2022,Political Science (BA),Sustainability Sci & Prac (MA),1
2022,Psychology (BA),Biomedical Informatics (MS),1
2022,Psychology (BA),Sociology (MA),1
2022,Psychology (BAH),Sociology (MA),1
2022,Psychology (BAH),Statistics (MS),1
2022,"Science, Tech, & Soc (BA)",Sustainability Sci & Prac (MA),1
2022,"Science, Tech, & Soc (BAH)",Sustainability Sci & Prac (MA),1
2022,"Science, Tech, & Soc (BS)",Mgmt Sci & Engineering (MS),1
2022,"Science, Tech, & Soc (BSH)",Computer Science (MS),1
2022,Sociology (BA),Communication (MA),1
2022,Sociology (BA),Computer Science (MS),1
2022,Sociology (BAH),Sustainability Sci & Prac (MS),1
2022,Symbolic Systems (BS),German Studies (MA),1
2022,Symbolic Systems (BS),Statistics (MS),1
2022,Symbolic Systems (BS),Sustainability Sci & Prac (MA),1
2022,Urban Studies (BAH),Community Health/Prev Res (MS),1
2022,Urban Studies (BAH),Sociology (MA),1
2023,Computer Science (BS),Computer Science (MS),98
2023,Mechanical Engineer (BS),Mechanical Engineer (MS),23
2023,Symbolic Systems (BS),Computer Science (MS),21
2023,Electrical Engineering (BS),Electrical Engineering (MS),17
2023,Mathematics (BS),Computer Science (MS),15
2023,Math & Comp Science (BS),Computer Science (MS),11
2023,Computer Science (BS),Mgmt Sci & Engineering (MS),8
2023,Economics (BA),Computer Science (MS),8
2023,Computer Science (BSH),Computer Science (MS),7
2023,Electrical Engineering (BS),Computer Science (MS),7
2023,Earth Systems (BS),Earth Systems (MS),6
2023,Economics (BA),Mgmt Sci & Engineering (MS),6
2023,Engineering (BS),Computer Science (MS),6
2023,Engineering (BS),Mechanical Engineer (MS),6
2023,Mathematics (BSH),Computer Science (MS),6
2023,Physics (BS),Computer Science (MS),6
2023,Earth Systems (BS),Earth Systems (MA),5
2023,Math & Comp Science (BS),Mgmt Sci & Engineering (MS),5
2023,Mgmt Sci & Engineering (BS),Mgmt Sci & Engineering (MS),5
2023,Chemical Engineering (BS),Chemical Engineering (MS),4
2023,English (BAH),Mod Thought & Lit (MA),4
2023,Mechanical Engineer (BS),Mgmt Sci & Engineering (MS),4
2023,Mgmt Sci & Engineering (BS),Computer Science (MS),4
2023,Political Science (BA),Communication (MA),4
2023,Aeronautics & Astro (BS),Aeronautics & Astro (MS),3
2023,Aeronautics & Astro (BS),Mechanical Engineer (MS),3
2023,Bioengineering (BS),Bioengineering (MS),3
2023,Biology (BS),Computer Science (MS),3
2023,Biology (BSH),Biology (MS),3
2023,Communication (BA),Communication (MA),3
2023,Earth Systems (BS),Sustainability Sci & Prac (MS),3
2023,Economics (BA),Statistics (MS),3
2023,Engineering (BSH),Computer Science (MS),3
2023,Envir Systems Engr (BS),Civil & Envir Engr (MS),3
2023,Human Biology (BSH),Biology (MS),3
2023,Physics (BSH),Computer Science (MS),3
2023,Political Science (BA),Computer Science (MS),3
2023,Bioengineering (BS),Community Health/Prev Res (MS),2
2023,Bioengineering (BS),Mgmt Sci & Engineering (MS),2
2023,Biology (BS),Biomedical Informatics (MS),2
2023,Chemical Engineering (BS),Mgmt Sci & Engineering (MS),2
2023,Chemistry (BSH),Computer Science (MS),2
2023,Computer Science (BS),Biomedical Informatics (MS),2
2023,Computer Science (BS),Earth Systems (MS),2
2023,Earth Systems (BS),Civil & Envir Engr (MS),2
2023,Economics (BA),Sustainability Sci & Prac (MS),2
2023,Electrical Engineering (BS),Mgmt Sci & Engineering (MS),2
2023,English (BA),Communication (MA),2
2023,English (BAH),English (MA),2
2023,History (BA),Computer Science (MS),2
2023,Human Biology (BS),Community Health/Prev Res (MS),2
2023,Indiv Des Major-Engr (BS),Mechanical Engineer (MS),2
2023,International Relat (BA),Sociology (MA),2
2023,Materials Science & Engr (BS),Computer Science (MS),2
2023,Mathematics (BS),Electrical Engineering (MS),2
2023,Mathematics (BSH),Statistics (MS),2
2023,Mgmt Sci & Engineering (BS),Sustainability Sci & Prac (MS),2
2023,Political Science (BA),Public Policy (MA),2
2023,Political Science (BA),Sustainability Sci & Prac (MA),2
2023,Public Policy (BA),Public Policy (MA),2
2023,"Science, Tech, & Soc (BA)",Communication (MA),2
2023,"Science, Tech, & Soc (BS)",Communication (MA),2
2023,Bioengineering (BS),Biology (MS),1
2023,Bioengineering (BS),Civil & Envir Engr (MS),1
2023,Bioengineering (BS),Electrical Engineering (MS),1
2023,Bioengineering (BS),Laboratory Animal Science (MS),1
2023,Bioengineering (BS),Public Policy (MA),1
2023,Bioengineering (BSH),Bioengineering (MS),1
2023,Bioengineering (BSH),Computer Science (MS),1
2023,Biology (BS),Biology (MS),1
2023,Biology (BS),Community Health/Prev Res (MS),1
2023,Biology (BS),Epidemiology & Clin Rsrch (MS),1
2023,Biology (BS),Epidemiology (MS),1
2023,Biology (BSH),Bioengineering (MS),1
2023,Biology (BSH),Biomedical Informatics (MS),1
2023,Biology (BSH),Computer Science (MS),1
2023,Biology (BSH),Earth Systems (MS),1
2023,Chemical Engineering (BS),Bioengineering (MS),1
2023,Chemical Engineering (BS),Community Health/Prev Res (MS),1
2023,Chemical Engineering (BS),Sustainability Sci & Prac (MS),1
2023,Chemistry (BS),Computer Science (MS),1
2023,Chemistry (BSH),Earth Systems (MS),1
2023,Civil Engineering (BS),Civil & Envir Engr (MS),1
2023,Civil Engineering (BSH),Mgmt Sci & Engineering (MS),1
2023,Classics (BAH),Computer Science (MS),1
2023,Comp Stu Race & Eth (BA),Computer Science (MS),1
2023,Computer Science (BS),Electrical Engineering (MS),1
2023,Computer Science (BS),Statistics (MS),1
2023,Computer Science (BS),Sustainability Sci & Prac (MS),1
2023,Computer Science (BSH),Electrical Engineering (MS),1
2023,Computer Science (BSH),Mgmt Sci & Engineering (MS),1
2023,Computer Science (BSH),Statistics (MS),1
2023,Earth Systems (BS),Sustainability Sci & Prac (MA),1
2023,Earth Systems (BSH),Earth Systems (MS),1
2023,Economics (BA),Earth Systems (MS),1
2023,Economics (BA),Public Policy (MA),1
2023,Economics (BAH),Mgmt Sci & Engineering (MS),1
2023,Energy Resources Engineer(BS),Materials Science & Engr (MS),1
2023,Engineering (BS),Aeronautics & Astro (MS),1
2023,Engineering (BS),Applied and Engr Physics (MS),1
2023,Engineering (BS),Biomedical Informatics (MS),1
2023,Engineering (BS),Civil & Envir Engr (MS),1
2023,Engineering (BS),Communication (MA),1
2023,Engineering (BS),Mgmt Sci & Engineering (MS),1
2023,Engineering (BSH),Civil & Envir Engr (MS),1
2023,English (BAH),Communication (MA),1
2023,English (BAH),Computer Science (MS),1
2023,Envir Systems Engr (BS),Mgmt Sci & Engineering (MS),1
2023,Envir Systems Engr (BS),Sustainability Sci & Prac (MS),1
2023,History (BA),Earth Systems (MA),1
2023,History (BA),Philosophy (MA),1
2023,Human Biology (BA),Communication (MA),1
2023,Human Biology (BA),Community Health/Prev Res (MS),1
2023,Human Biology (BA),Mgmt Sci & Engineering (MS),1
2023,Human Biology (BA),Sociology (MA),1
2023,Human Biology (BA),Sustainability Sci & Prac (MA),1
2023,Human Biology (BS),Biology (MS),1
2023,Human Biology (BS),Epidemiology & Clin Rsrch (MS),1
2023,Human Biology (BS),Epidemiology (MS),1
2023,Human Biology (BS),Mechanical Engineer (MS),1
2023,Human Biology (BS),Sustainability Sci & Prac (MA),1
2023,Human Biology (BSH),Computer Science (MS),1
2023,Indiv Des Major-Engr (BS),Aeronautics & Astro (MS),1
2023,Indiv Des Major-Engr (BS),Materials Science & Engr (MS),1
2023,Indiv Des Major-Engr (BS),Statistics (MS),1
2023,International Relat (BA),Civil & Envir Engr (MS),1
2023,International Relat (BA),Communication (MA),1
2023,International Relat (BA),Earth Systems (MA),1
2023,International Relat (BA),Public Policy (MA),1
2023,International Relat (BA),Sustainability Sci & Prac (MA),1
2023,International Relat (BAH),International Policy (MA),1
2023,International Relat (BAH),Sustainability Sci & Prac (MS),1
2023,Linguistics (BA),Communication (MA),1
2023,Linguistics (BAH),Computer Science (MS),1
2023,Materials Science & Engr (BS),Materials Science & Engr (MS),1
2023,Math & Comp Science (BS),Comput & Math Engr (MS),1
2023,Math & Comp Science (BS),Earth Systems (MS),1
2023,Math & Comp Science (BS),Public Policy (MA),1
2023,Math & Comp Science (BS),Sociology (MA),1
2023,Math & Comp Science (BS),Statistics (MS),1
2023,Math & Comp Science (BSH),Statistics (MS),1
2023,Mathematics (BS),Applied and Engr Physics (MS),1
2023,Mathematics (BS),Comput & Math Engr (MS),1
2023,Mechanical Engineer (BS),Civil & Envir Engr (MS),1
2023,Mechanical Engineer (BS),Computer Science (MS),1
2023,Mgmt Sci & Engineering (BS),Community Health/Prev Res (MS),1
2023,Mgmt Sci & Engineering (BS),Public Policy (MA),1
2023,Music (BA),Computer Science (MS),1
2023,Music (BA),Music (MA),1
2023,Philosophy (BA),Earth Systems (MA),1
2023,Philosophy (BA),Philosophy (MA),1
2023,Physics (BS),Electrical Engineering (MS),1
2023,Physics (BS),Philosophy (MA),1
2023,Physics (BS),Public Policy (MA),1
2023,Political Science (BA),Biomedical Informatics (MS),1
2023,Political Science (BA),Earth Systems (MS),1
2023,Political Science (BA),Latin American Studies (MA),1
2023,Political Science (BA),Mgmt Sci & Engineering (MS),1
2023,Psychology (BA),Communication (MA),1
2023,Psychology (BA),Community Health/Prev Res (MS),1
2023,Psychology (BA),Computer Science (MS),1
2023,Psychology (BA),Sociology (MA),1
2023,Psychology (BA),Sustainability Sci & Prac (MS),1
2023,Psychology (BAH),Sociology (MA),1
2023,Public Policy (BA),Mgmt Sci & Engineering (MS),1
2023,Public Policy (BA),Sociology (MA),1
2023,Public Policy (BA),Sustainability Sci & Prac (MS),1
2023,Public Policy (BAH),Computer Science (MS),1
2023,Religious Studies (BAH),Computer Science (MS),1
2023,"Science, Tech, & Soc (BA)",Sustainability Sci & Prac (MS),1
2023,"Science, Tech, & Soc (BS)",Mechanical Engineer (MS),1
2023,"Science, Tech, & Soc (BS)",Sustainability Sci & Prac (MA),1
2023,Sociology (BA),Education (MA),1
2023,Sociology (BA),Sociology (MA),1
2023,Sociology (BA),Sustainability Sci & Prac (MA),1
2023,Spanish (BA),Latin American Studies (MA),1
2023,Symbolic Systems (BS),Earth Systems (MA),1
2023,Symbolic Systems (BS),Linguistics (MA),1
2023,Symbolic Systems (BS),Mgmt Sci & Engineering (MS),1
2023,Symbolic Systems (BS),Public Policy (MA),1
2023,Symbolic Systems (BS),Sustainability Sci & Prac (MS),1
2023,Symbolic Systems (BS),Symbolic Systems (MS),1
2023,Symbolic Systems (BSH),Computer Science (MS),1